,Timestep,Neural,Maximum,Greedy,Lazy,e-Neural,greedy
0,1.0,0.728696111,0.727124443,0.730041327,0.729941378,0.680625204,
1,2.0,1.446718015,1.405292128,1.444835552,1.456607045,1.356752439,
2,3.0,2.145243088,2.06921701,2.110158112,2.15441715,2.018103431,
3,4.0,2.800010796,2.659826458,2.737131638,2.821932111,2.638399322,
4,5.0,3.425198143,3.232213493,3.295014145,3.471094401,3.217918191,
5,6.0,4.008085024,3.796777309,3.818645503,4.059136818,3.81500247,
6,7.0,4.604431034,4.270522571,4.322658644,4.640451215,4.321265749,
7,8.0,5.150594541,4.729200743,4.782360811,5.198074477,4.812461761,
8,9.0,5.714850521,5.244484696,5.238626422,5.740658842,5.304407646,
9,10.0,6.309006708,5.709568278,5.735775566,6.274545738,5.778038774,
10,11.0,6.848215982,6.166121001,6.198031945,6.835045027,6.197810958,
11,12.0,7.403098465,6.622588708,6.63168943,7.368602628,6.650229739,
12,13.0,7.980096119,7.043423024,7.07720258,7.916070643,7.085965964,
13,14.0,8.520045416,7.492808623,7.494685586,8.48271931,7.59517221,
14,15.0,9.073602294,8.06208047,8.055916319,9.038242284,8.037093257,
15,16.0,9.647520489,8.655214028,8.547515785,9.594720646,8.524575935,
16,17.0,10.20199391,9.188403722,9.030451288,10.17036374,9.082017319,
17,18.0,10.79487232,9.772730726,9.549065372,10.77789128,9.648492274,
18,19.0,11.41802127,10.3141782,10.11210129,11.39356131,10.11597183,
19,20.0,12.05932798,10.89150495,10.7050929,12.03880585,10.74739886,
20,21.0,12.70974203,11.29290708,11.11121089,12.6916383,11.41524589,
21,22.0,13.40258877,11.81036859,11.73084915,13.35992828,11.96985617,
22,23.0,14.10685809,12.41063624,12.22017083,14.05575139,12.4961629,
23,24.0,14.80906442,12.82151253,12.78815375,14.75911264,13.23744196,
24,25.0,15.52673368,13.4845025,13.38980917,15.47656487,13.88282913,
25,26.0,16.26237794,14.10503836,13.99527008,16.22276107,14.5783301,
26,27.0,17.01783084,14.50596489,14.62869222,16.98290097,15.18646465,
27,28.0,17.78566313,15.15954781,15.25430834,17.76680276,15.7227031,
28,29.0,18.56970699,15.71510301,15.8321831,18.56056168,16.25872074,
29,30.0,19.38263134,16.2604237,16.38338558,19.35258697,16.75919465,
30,31.0,20.19364055,16.86560996,16.94008002,20.17208903,17.37930243,
31,32.0,21.02715496,17.38906834,17.43044141,21.00454443,18.01680822,
32,33.0,21.87049741,17.96264286,17.93250648,21.84435986,18.53548473,
33,34.0,22.71996659,18.58095941,18.52951881,22.69130172,19.09794665,
34,35.0,23.58215139,19.25480894,19.40791046,23.55634044,19.70888498,
35,36.0,24.44707002,19.94807169,19.93643448,24.42541985,20.41287411,
36,37.0,25.31640296,20.48667899,20.50769728,25.29339015,20.99571017,
37,38.0,26.19664729,20.96216081,21.04315347,26.16817082,21.69374991,
38,39.0,27.07711153,21.37617668,21.70426109,27.05204128,22.28401964,
39,40.0,27.96559261,21.81745383,22.1077463,27.93197056,22.9497868,
40,41.0,28.85620881,22.24236157,22.6684078,28.82108397,23.6687435,
41,42.0,29.75146458,22.84443149,23.27562981,29.71273654,24.42823024,
42,43.0,30.64728515,23.31284511,23.79789266,30.60796487,25.01969329,
43,44.0,31.54559925,23.72130922,24.16932532,31.50051746,25.49817355,
44,45.0,32.44637253,24.36335386,24.56631844,32.39951215,25.86428541,
45,46.0,33.34709117,24.70128665,25.14585297,33.30203523,26.27669536,
46,47.0,34.24903812,25.06645857,25.45701655,34.20281377,26.71891796,
47,48.0,35.15207585,25.58085023,25.7316367,35.10755637,27.23374527,
48,49.0,36.05331471,25.90446877,26.06493906,36.01246681,27.65727843,
49,50.0,36.959191,26.18656039,26.51794632,36.91914797,28.11207885,
50,51.0,37.8658968,26.61621369,26.94475119,37.8266961,28.65443464,
51,52.0,38.77258613,27.00219462,27.3112842,38.73504473,29.26946521,
52,53.0,39.67818679,27.41859158,27.59510067,39.64413395,29.63577633,
53,54.0,40.5869451,27.83617372,27.88784222,40.55390964,30.05965517,
54,55.0,41.49632141,28.13470177,28.53147971,41.46432282,30.4955015,
55,56.0,42.40501213,28.41655211,28.86723321,42.37532902,31.10906182,
56,57.0,43.31547456,28.78368437,29.31471284,43.28688779,31.52600383,
57,58.0,44.22644022,29.08390163,29.66631277,44.19896228,32.13036321,
58,59.0,45.13787661,29.19653908,30.18888563,45.11151882,32.45893865,
59,60.0,46.04975396,29.47268864,30.63339488,46.02452662,32.88836434,
60,61.0,46.96204495,29.78692024,30.99491128,46.93795741,33.43768375,
61,62.0,47.87472448,29.9952424,31.17127801,47.85178528,33.86419719,
62,63.0,48.78776942,30.22663318,31.49055455,48.76598635,34.86025005,
63,64.0,49.70115842,30.45690115,31.6748424,49.68053864,35.28245625,
64,65.0,50.6148718,30.6970606,32.1261529,50.59542184,35.64752633,
65,66.0,51.52889131,30.87518196,32.44164267,51.51061718,36.30302246,
66,67.0,52.44320007,31.13414116,32.68189731,52.4261073,36.49910792,
67,68.0,53.35778239,31.4710998,33.0069906,53.34187607,36.96414797,
68,69.0,54.27262373,31.95819276,33.2480877,54.25790854,37.12389116,
69,70.0,55.18771051,32.16649822,33.4248093,55.17419081,37.2812706,
70,71.0,56.10303014,32.32760907,33.62776153,56.09070991,37.85637189,
71,72.0,57.01857083,32.62369201,33.9568971,57.00745379,38.20012392,
72,73.0,57.93432159,32.85359418,34.34247276,57.92441119,38.66724864,
73,74.0,58.85027215,33.09144475,34.46129694,58.84157158,38.95062099,
74,75.0,59.76641289,33.32153557,34.6871502,59.75892511,39.34510178,
75,76.0,60.68273481,33.40573183,34.7808411,60.67646257,39.79490902,
76,77.0,61.59922944,33.58194081,34.91464284,61.59417533,40.16947843,
77,78.0,62.51588887,33.81491159,35.08088994,62.51205527,40.56104169,
78,79.0,63.43270563,34.07741866,35.11237618,63.43009477,40.95974488,
79,80.0,64.34967272,34.45927656,35.2909249,64.34828669,41.66501903,
80,81.0,65.26678353,34.6556629,35.34796021,65.26662429,42.06898225,
81,82.0,66.18403185,34.86190363,35.39940171,66.18510121,42.52459444,
82,83.0,67.1014118,35.09021742,35.49206832,67.10371147,43.13877695,
83,84.0,68.01891785,35.22001649,35.56855475,68.02244944,43.46493603,
84,85.0,68.93654477,35.52524775,35.73902411,68.94130977,43.8423563,
85,86.0,69.85428762,35.68579114,35.9186928,69.86028743,44.05646174,
86,87.0,70.7721417,35.85570197,36.01272019,70.77937766,44.43583486,
87,88.0,71.6901026,36.18914178,36.20208678,71.69857595,44.65111652,
88,89.0,72.60816611,36.32128904,36.67783954,72.61787801,45.07322717,
89,90.0,73.52632825,36.45735661,36.86789883,73.53727981,45.53942773,
90,91.0,74.44458525,36.66729032,37.04859532,74.4567775,45.99939265,
91,92.0,75.3629335,36.9120943,37.34204957,75.37636743,46.33139224,
92,93.0,76.28136962,36.97343685,37.53699165,76.29604614,46.52063609,
93,94.0,77.19989035,37.09292173,37.69674154,77.21581033,46.86708641,
94,95.0,78.1184926,37.20869991,37.81785367,78.13565687,46.87312517,
95,96.0,79.03717346,37.32647668,38.01619292,79.05558278,47.10626975,
96,97.0,79.95593011,37.35553288,38.17498261,79.97558523,47.34654301,
97,98.0,80.87475989,37.58721843,38.29763879,80.8956615,47.53817204,
98,99.0,81.79366026,37.75178975,38.38158574,81.81580902,47.82428208,
99,100.0,82.7126288,37.81807844,38.59071725,82.73602532,47.92287315,
100,101.0,83.63166319,38.08028164,38.67756494,83.65630807,48.27434854,
101,102.0,84.55076121,38.13869977,38.75405619,84.576655,48.40738716,
102,103.0,85.46992076,38.33746652,38.91867109,85.497064,48.75369536,
103,104.0,86.38913981,38.38713462,39.05094892,86.41753299,48.99032582,
104,105.0,87.30841643,38.5235884,39.13787402,87.33806004,49.36320181,
105,106.0,88.22774877,38.57867153,39.3642628,88.25864325,49.35281764,
106,107.0,89.14713505,38.61423042,39.47292276,89.17928084,49.62019059,
107,108.0,90.06657358,38.78877002,39.65252027,90.09997109,49.64312501,
108,109.0,90.98606273,38.99610291,39.67944278,91.02071234,49.65550348,
109,110.0,91.90560094,39.04945201,40.03141979,91.94150302,49.93120534,
110,111.0,92.82518671,39.10452983,40.12087836,92.86234162,50.10010597,
111,112.0,93.74481861,39.28818109,40.30532361,93.78322668,50.34681779,
112,113.0,94.66449526,39.32829598,40.37254335,94.70415681,51.03700618,
113,114.0,95.58421532,39.52732466,40.45797462,95.62513066,51.28372775,
114,115.0,96.50397754,39.68440391,40.58896497,96.54614694,51.50331082,
115,116.0,97.42378068,39.92188863,40.63879451,97.46720443,51.50774224,
116,117.0,98.34362356,40.00079632,40.87443564,98.38830193,51.57400436,
117,118.0,99.26350506,40.19272888,41.01231986,99.3094383,51.55698332,
118,119.0,100.1834241,40.21938044,41.21607444,100.2306124,51.62727081,
119,120.0,101.1033796,40.27739711,41.22634788,101.1518233,51.79948536,
120,121.0,102.0233706,40.25946542,41.30327716,102.0730698,51.81996139,
121,122.0,102.943396,40.33121005,41.34165882,102.994351,51.94693511,
122,123.0,103.8634551,40.36789767,41.58946612,103.915666,52.04280546,
123,124.0,104.7835467,40.44917357,41.87357056,104.8370138,52.23498562,
124,125.0,105.7036702,40.46974083,42.04233015,105.7583936,52.63948468,
125,126.0,106.6238246,40.62845128,42.11345718,106.6798045,53.0593726,
126,127.0,107.5440091,40.69746967,42.24177045,107.6012457,53.26086736,
127,128.0,108.4642229,40.81512847,42.22345007,108.5227163,53.38980322,
128,129.0,109.3844654,40.83248018,42.27619181,109.4442158,53.5338153,
129,130.0,110.3047357,40.88791149,42.32701935,110.3657432,53.76642095,
130,131.0,111.2250331,40.93237759,42.47499553,111.2872979,53.87891991,
131,132.0,112.145357,40.97947622,42.54645314,112.2088792,53.86080258,
132,133.0,113.0657067,41.06834715,42.71010922,113.1304864,53.91987491,
133,134.0,113.9860816,41.17910606,42.76360306,114.052119,53.96876853,
134,135.0,114.906481,41.33516927,43.20351174,114.9737762,53.96972879,
135,136.0,115.8269044,41.38518724,43.23478406,115.8954574,54.09078935,
136,137.0,116.7473512,41.41904902,43.22509644,116.8171622,54.19197483,
137,138.0,117.6678208,41.42852083,43.19436068,117.7388899,54.22555983,
138,139.0,118.5883126,41.56749865,43.27212381,118.6606399,54.32333126,
139,140.0,119.5088262,41.62272027,43.43749907,119.5824118,54.39418196,
140,141.0,120.429361,41.68737042,43.54852607,120.504205,54.67750489,
141,142.0,121.3499166,41.82538025,43.55954598,121.426019,54.67277146,
142,143.0,122.2704925,41.8551311,43.65863653,122.3478535,54.91218276,
143,144.0,123.1910881,41.86006897,43.69641507,123.2697077,55.06617754,
144,145.0,124.1117032,41.86685208,43.72967844,124.1915815,55.16594037,
145,146.0,125.0323371,41.99184333,43.7153506,125.1134742,55.29861737,
146,147.0,125.9529896,42.08680289,43.69055238,126.0353855,55.37673346,
147,148.0,126.8736601,42.1950632,43.75616181,126.957315,55.5957125,
148,149.0,127.7943483,42.30859783,43.76952559,127.8792622,55.81278666,
149,150.0,128.7150539,42.35459211,43.79909895,128.8012267,55.97958267,
150,151.0,129.6357763,42.48937977,43.91423573,129.7232083,56.14195217,
151,152.0,130.5565153,42.52630107,43.97085226,130.6452065,56.1651026,
152,153.0,131.4772706,42.50729735,44.0080406,131.567221,56.37406176,
153,154.0,132.3980417,42.59755463,44.07240115,132.4892514,56.46228689,
154,155.0,133.3188283,42.64575164,44.10885218,133.4112973,56.42408341,
155,156.0,134.2396302,42.6571161,44.14921899,134.3333585,56.41208975,
156,157.0,135.1604469,42.7613602,44.18681598,135.2554347,56.38080993,
157,158.0,136.0812782,42.78598561,44.22118288,136.1775255,56.52898573,
158,159.0,137.0021238,42.80989088,44.2166794,137.0996306,56.6508275,
159,160.0,137.9229834,42.92275187,44.21803554,138.0217498,57.02728344,
160,161.0,138.8438568,42.96583243,44.28895606,138.9438827,57.21570977,
161,162.0,139.7647435,42.93711612,44.29348145,139.8660291,57.27880912,
162,163.0,140.6856434,42.9730625,44.28825632,140.7881887,57.28048726,
163,164.0,141.6065562,43.11424336,44.41056498,141.7103612,57.37203186,
164,165.0,142.5274817,43.27037669,44.43684452,142.6325464,57.32253719,
165,166.0,143.4484196,43.30595087,44.46822705,143.5547441,57.38128246,
166,167.0,144.3693696,43.40545813,44.48040714,144.4769539,57.51628059,
167,168.0,145.2903316,43.49699662,44.51594199,145.3991757,57.4523553,
168,169.0,146.2113053,43.51127486,44.52578017,146.3214093,57.657335,
169,170.0,147.1322904,43.59511423,44.63079526,147.2436543,57.68324454,
170,171.0,148.0532869,43.6108316,44.71137358,148.1659107,57.66242517,
171,172.0,148.9742943,43.5968212,44.76139825,149.0881781,57.65456265,
172,173.0,149.8953126,43.58921221,44.89725474,150.0104564,57.63033805,
173,174.0,150.8163415,43.67531719,45.05599846,150.9327453,57.73924159,
174,175.0,151.7373809,43.71301662,45.06991672,151.8550447,57.85106825,
175,176.0,152.6584306,43.8045808,45.12287992,152.7773544,57.98727901,
176,177.0,153.5794903,43.86400913,45.18710815,153.6996741,58.10496973,
177,178.0,154.5005598,43.87270823,45.14248399,154.6220038,58.10602505,
178,179.0,155.4216391,43.86215938,45.15327323,155.5443432,58.18219156,
179,180.0,156.3427279,43.88000332,45.13484255,156.4666921,58.25715996,
180,181.0,157.2638261,43.88553322,45.18577152,157.3890504,58.54230626,
181,182.0,158.1849334,44.30373217,45.26077564,158.311418,58.63033016,
182,183.0,159.1060498,44.2960378,45.24838859,159.2337945,58.68292183,
183,184.0,160.0271751,44.40033096,45.2170658,160.15618,58.7876021,
184,185.0,160.9483091,44.48507683,45.2371825,161.0785742,58.92243282,
185,186.0,161.8694516,44.46752471,45.21550568,162.000977,58.97345341,
186,187.0,162.7906026,44.61504972,45.35380295,162.9233882,59.01855658,
187,188.0,163.7117619,44.71065622,45.321216,163.8458077,59.03431868,
188,189.0,164.6329293,44.71876526,45.3593853,164.7682354,59.08572058,
189,190.0,165.5541046,44.73916511,45.42699765,165.690671,59.16839069,
190,191.0,166.4752879,44.7301894,45.62279476,166.6131146,59.15176788,
191,192.0,167.3964789,44.81374641,45.67225421,167.5355658,59.32721561,
192,193.0,168.3176774,44.93640332,45.72776343,168.4580247,59.38693799,
193,194.0,169.2388835,44.91974449,45.71930741,169.3804911,59.59258254,
194,195.0,170.1600969,45.00398219,45.7698296,170.3029649,59.57786976,
195,196.0,171.0813176,45.13790358,45.80769699,171.2254459,59.69579296,
196,197.0,172.0025453,45.17980037,45.78578769,172.147934,59.79957058,
197,198.0,172.9237801,45.15347343,45.83826353,173.0704291,59.84554159,
198,199.0,173.8450217,45.15528943,45.84308958,173.9929312,59.86698819,
199,200.0,174.7662702,45.22589072,45.86979187,174.91544,60.11220551,
200,201.0,175.6875253,45.2294184,45.91915114,175.8379555,60.11568035,
201,202.0,176.6087869,45.25235562,45.88474894,176.7604775,60.18950459,
202,203.0,177.5300551,45.26751833,45.90576896,177.6830061,60.24332013,
203,204.0,178.4513296,45.37581275,45.92208517,178.605541,60.50111904,
204,205.0,179.3726103,45.39032737,45.92988931,179.5280821,60.52254436,
205,206.0,180.2938972,45.51186866,45.94761152,180.4506295,60.55977664,
206,207.0,181.2151902,45.53067536,45.99948667,181.3731829,60.57410081,
207,208.0,182.1364892,45.69874381,46.03133143,182.2957423,60.58736812,
208,209.0,183.057794,45.7089534,46.00577342,183.2183076,60.62153987,
209,210.0,183.9791046,45.69224865,45.99411302,184.1408786,60.74261124,
210,211.0,184.900421,45.68682522,46.02211713,185.0634554,60.78574754,
211,212.0,185.8217429,45.71671143,46.10258362,185.9860379,60.75912596,
212,213.0,186.7430704,45.75062444,46.14896774,186.9086258,60.88868639,
213,214.0,187.6644034,45.75665183,46.20148149,187.8312192,60.85848617,
214,215.0,188.5857417,45.75933625,46.26038775,188.753818,61.16998031,
215,216.0,189.5070853,45.78146985,46.30673133,189.6764221,61.17466603,
216,217.0,190.4284342,45.82221668,46.31392797,190.5990314,61.23942946,
217,218.0,191.3497882,45.83048574,46.37240173,191.5216459,61.38683004,
218,219.0,192.2711472,45.83540474,46.36028185,192.4442654,61.43033917,
219,220.0,193.1925112,45.89787022,46.32549108,193.3668899,61.3704804,
220,221.0,194.1138802,45.90019704,46.34120231,194.2895194,61.44119058,
221,222.0,195.035254,45.96263652,46.35968077,195.2121537,61.59593226,
222,223.0,195.9566326,45.97579791,46.36679645,196.1347928,61.5909892,
223,224.0,196.8780159,46.08120205,46.39893953,197.0574366,61.59006556,
224,225.0,197.7994038,46.05749482,46.39669364,197.980085,61.63237511,
225,226.0,198.7207964,46.08452759,46.45315,198.902738,61.59353895,
226,227.0,199.6421934,46.08132336,46.58605944,199.8253956,61.74456634,
227,228.0,200.5635949,46.08618885,46.60868059,200.7480576,61.83069905,
228,229.0,201.4850008,46.17684457,46.60245303,201.670724,61.82443681,
229,230.0,202.406411,46.27282528,46.69368015,202.5933947,61.82021305,
230,231.0,203.3278255,46.26905262,46.6913962,203.5160697,61.77208748,
231,232.0,204.2492442,46.42813047,46.67852874,204.4387489,61.73265096,
232,233.0,205.1706671,46.46079962,46.69370234,205.3614323,61.81689168,
233,234.0,206.092094,46.47045977,46.77714169,206.2841198,61.7620082,
234,235.0,207.013525,46.52290544,46.80757811,207.2068113,62.02211052,
235,236.0,207.93496,46.53941293,46.81931091,208.1295068,61.97612329,
236,237.0,208.856399,46.5808081,46.80326039,209.0522062,61.99713916,
237,238.0,209.7778418,46.66458774,46.81680907,209.9749096,62.02416291,
238,239.0,210.6992884,46.7271542,46.91354232,210.8976167,62.04280474,
239,240.0,211.6207389,46.73273143,47.01379181,211.8203277,62.04303413,
240,241.0,212.542193,46.76006808,47.00269673,212.7430423,62.10245511,
241,242.0,213.4636509,46.80027804,47.01956389,213.6657607,62.06012011,
242,243.0,214.3851124,46.78238604,47.01447053,214.5884827,62.13724489,
243,244.0,215.3065774,46.90917466,47.03725467,215.5112083,62.22627553,
244,245.0,216.228046,46.97400716,47.05922344,216.4339374,62.63952902,
245,246.0,217.1495182,46.98568866,47.07433849,217.3566701,62.68360426,
246,247.0,218.0709937,47.01109371,47.07941653,218.2794061,62.83907297,
247,248.0,218.9924727,47.01093092,47.06298904,219.2021456,63.14648132,
248,249.0,219.913955,47.04372683,47.10206703,220.1248885,63.15064584,
249,250.0,220.8354407,47.0389712,47.09487079,221.0476346,63.29571701,
250,251.0,221.7569296,47.01390204,47.10608566,221.9703841,63.29416427,
251,252.0,222.6784218,47.03040858,47.13026116,222.8931368,63.31869547,
252,253.0,223.5999172,47.08116031,47.09084921,223.8158927,63.26795088,
253,254.0,224.5214157,47.07005908,47.14796039,224.7386517,63.24824892,
254,255.0,225.4429174,47.05469629,47.17409141,225.6614139,63.20234744,
255,256.0,226.3644221,47.08091279,47.1750433,226.5841791,63.16024105,
256,257.0,227.2859299,47.08495735,47.17584786,227.5069474,63.20278057,
257,258.0,228.2074407,47.0869692,47.195678,228.4297187,63.18454906,
258,259.0,229.1289545,47.06368701,47.22051229,229.352493,63.22774367,
259,260.0,230.0504712,47.04697646,47.21102691,230.2752702,63.25439305,
260,261.0,230.9719908,47.08145771,47.27827542,231.1980503,63.25993708,
261,262.0,231.8935132,47.1222064,47.25049848,232.1208333,63.28352364,
262,263.0,232.8150385,47.18941961,47.27734718,233.043619,63.51676933,
263,264.0,233.7365666,47.19434967,47.25603639,233.9664076,63.63742798,
264,265.0,234.6580974,47.22885019,47.24466388,234.889199,63.67274228,
265,266.0,235.579631,47.35188776,47.25112853,235.811993,63.68692929,
266,267.0,236.5011673,47.32286039,47.25744643,236.7347898,63.64142033,
267,268.0,237.4227062,47.31679051,47.25426328,237.6575892,63.70251873,
268,269.0,238.3442478,47.30070849,47.27028306,238.5803913,63.6622279,
269,270.0,239.2657919,47.42280903,47.30299046,239.503196,63.69479051,
270,271.0,240.1873387,47.41040847,47.27531434,240.4260032,63.72092003,
271,272.0,241.108888,47.42805066,47.2911615,241.348813,63.86045401,
272,273.0,242.0304398,47.41743309,47.29938147,242.2716253,63.86515272,
273,274.0,242.9519941,47.39165233,47.31725842,243.1944401,63.91663828,
274,275.0,243.8735508,47.41897106,47.34361201,244.1172573,63.88715168,
275,276.0,244.79511,47.39531158,47.38132988,245.040077,64.02121174,
276,277.0,245.7166716,47.53434011,47.42332391,245.962899,63.98350906,
277,278.0,246.6382355,47.57173921,47.41330653,246.8857235,64.67771065,
278,279.0,247.5598018,47.55859707,47.43981482,247.8085502,64.71259309,
279,280.0,248.4813705,47.58938734,47.42448471,248.7313793,64.71777499,
280,281.0,249.4029414,47.60187022,47.42306522,249.6542107,64.7022669,
281,282.0,250.3245146,47.61491839,47.39886,250.5770444,64.75350168,
282,283.0,251.24609,47.5749249,47.3971803,251.4998803,64.83873438,
283,284.0,252.1676677,47.68489749,47.46826636,252.4227184,65.04903625,
284,285.0,253.0892475,47.68609278,47.4688667,253.3455587,65.0564215,
285,286.0,254.0108295,47.69040367,47.43203613,254.2684012,65.00061412,
286,287.0,254.9324137,47.67795639,47.44617107,255.1912459,65.21741225,
287,288.0,255.854,47.71073485,47.45739679,256.1140926,65.20379414,
288,289.0,256.7755884,47.7385116,47.47170309,257.0369415,65.22804702,
289,290.0,257.6971789,47.98177798,47.46444856,257.9597924,65.25919697,
290,291.0,258.6187714,48.00110138,47.44798344,258.8826454,65.27882482,
291,292.0,259.5403659,48.00145027,47.44376917,259.8055004,65.28923027,
292,293.0,260.4619625,48.01013177,47.46146146,260.7283574,65.23584666,
293,294.0,261.3835611,48.02951702,47.43518994,261.6512165,65.23853202,
294,295.0,262.3051616,48.03077641,47.45206602,262.5740774,65.27796829,
295,296.0,263.2267641,48.1579216,47.45483757,263.4969404,65.24111781,
296,297.0,264.1483685,48.16580989,47.48928794,264.4198052,65.22405826,
297,298.0,265.0699748,48.16493149,47.49103777,265.342672,65.24450137,
298,299.0,265.991583,48.25073164,47.5039436,266.2655407,65.27646451,
299,300.0,266.9131931,48.2826968,47.49730562,267.1884112,65.44573222,
300,301.0,267.834805,48.26741693,47.55390061,268.1112835,65.65081534,
301,302.0,268.7564188,48.24245388,47.56417741,269.0341577,65.62945257,
302,303.0,269.6780344,48.23588072,47.65341765,269.9570337,65.62519587,
303,304.0,270.5996517,48.22163115,47.68646097,270.8799115,65.64857887,
304,305.0,271.5212708,48.25935649,47.67492206,271.8027911,65.62288704,
305,306.0,272.4428917,48.24315951,47.70554806,272.7256724,65.58258562,
306,307.0,273.3645144,48.23071379,47.68870159,273.6485554,65.6344654,
307,308.0,274.2861387,48.26537341,47.69714427,274.5714402,65.60831261,
308,309.0,275.2077647,48.24914613,47.71085041,275.4943267,65.56497269,
309,310.0,276.1293925,48.31441184,47.70809856,276.4172148,65.65656811,
310,311.0,277.0510219,48.31717484,47.73650805,277.3401047,65.65890957,
311,312.0,277.9726529,48.40344955,47.72827159,278.2629961,65.62966124,
312,313.0,278.8942856,48.39429141,47.70993654,279.1858892,65.69927291,
313,314.0,279.8159199,48.38854676,47.74789896,280.1087839,65.68223682,
314,315.0,280.7375558,48.38334775,47.76734391,281.0316803,65.70206595,
315,316.0,281.6591933,48.38733903,47.73717302,281.9545782,65.71079621,
316,317.0,282.5808324,48.39234734,47.75334499,282.8774776,65.74328172,
317,318.0,283.502473,48.42240391,47.73922206,283.8003787,65.71484421,
318,319.0,284.4241152,48.41073897,47.74187009,284.7232812,65.72817513,
319,320.0,285.3457589,48.45956786,47.73139598,285.6461853,65.7021909,
320,321.0,286.2674041,48.4521713,47.84676978,286.5690909,65.66832496,
321,322.0,287.1890508,48.44205815,47.8147438,287.491998,65.66339828,
322,323.0,288.1106989,48.44152096,47.80421852,288.4149066,65.70289228,
323,324.0,289.0323486,48.5381482,47.81767585,289.3378167,65.75305538,
324,325.0,289.9539997,48.53732881,47.84124184,290.2607281,65.74688794,
325,326.0,290.8756522,48.5794742,47.83869452,291.1836411,65.82076168,
326,327.0,291.7973062,48.58428681,47.90302842,292.1065554,65.81604909,
327,328.0,292.7189616,48.60907216,47.94901117,293.0294712,65.89187344,
328,329.0,293.6406183,48.61585768,47.94777579,293.9523884,65.95211098,
329,330.0,294.5622765,48.6446499,47.944436,294.8753069,65.91682676,
330,331.0,295.483936,48.62099588,47.93290677,295.7982268,65.91525213,
331,332.0,296.4055969,48.61503976,47.97581941,296.7211481,65.92700295,
332,333.0,297.3272592,48.62450188,47.98460025,297.6440707,66.03927281,
333,334.0,298.2489227,48.64299738,48.10464301,298.5669946,66.03039723,
334,335.0,299.1705876,48.64164287,48.12146698,299.4899199,66.01279606,
335,336.0,300.0922538,48.62178048,48.14257585,300.4128465,66.00948973,
336,337.0,301.0139213,48.60029726,48.14167328,301.3357744,66.06943487,
337,338.0,301.9355901,48.60186784,48.11543325,302.2587035,66.0784869,
338,339.0,302.8572602,48.60082523,48.12528155,303.181634,66.04432311,
339,340.0,303.7789315,48.62230046,48.11992594,304.1045656,66.19160569,
340,341.0,304.7006041,48.61017251,48.0975931,305.0274986,66.18405038,
341,342.0,305.6222779,48.62526105,48.17266564,305.9504327,66.16461062,
342,343.0,306.5439529,48.897661,48.24292158,306.8733681,66.10850376,
343,344.0,307.4656292,48.95062045,48.23945645,307.7963048,66.2497558,
344,345.0,308.3873067,48.95134299,48.34929158,308.7192426,66.24526858,
345,346.0,309.3089853,48.94173118,48.4317446,309.6421816,66.29724783,
346,347.0,310.2306652,48.95897863,48.44187358,310.5651218,66.27895551,
347,348.0,311.1523462,48.95813437,48.42710422,311.4880632,66.22583049,
348,349.0,312.0740284,49.06147811,48.42545611,312.4110057,66.19798677,
349,350.0,312.9957117,49.08850376,48.40994944,313.3339494,66.18912945,
350,351.0,313.9173962,49.15945871,48.42078221,314.2568942,66.28262987,
351,352.0,314.8390818,49.13857461,48.57602738,315.1798401,66.27370106,
352,353.0,315.7607685,49.15056826,48.56770544,316.1027872,66.22106733,
353,354.0,316.6824563,49.14433182,48.58046106,317.0257354,66.27434394,
354,355.0,317.6041453,49.13507057,48.56399273,317.9486847,66.23050186,
355,356.0,318.5258353,49.12967881,48.54988547,318.871635,66.23515118,
356,357.0,319.4475265,49.1258758,48.56493896,319.7945865,66.18370725,
357,358.0,320.3692186,49.15123051,48.57927095,320.717539,66.26828726,
358,359.0,321.2909119,49.15908444,48.58213417,321.6404926,66.31925614,
359,360.0,322.2126062,49.17467506,48.57438866,322.5634473,66.25742254,
360,361.0,323.1343016,49.2292917,48.552865,323.4864029,66.22903656,
361,362.0,324.055998,49.24195424,48.57542851,324.4093597,66.32685417,
362,363.0,324.9776954,49.25197585,48.60996664,325.3323174,66.41870235,
363,364.0,325.8993939,49.30838247,48.61004306,326.2552762,66.41576385,
364,365.0,326.8210933,49.38249495,48.63545515,327.178236,66.67459406,
365,366.0,327.7427938,49.38728336,48.67041597,328.1011968,66.68471017,
366,367.0,328.6644953,49.38042905,48.73108889,329.0241585,66.6846607,
367,368.0,329.5861977,49.394189,48.76322934,329.9471213,66.67493247,
368,369.0,330.5079011,49.44379269,48.74173457,330.870085,66.73698272,
369,370.0,331.4296055,49.4278028,48.73577336,331.7930497,66.68887433,
370,371.0,332.3513109,49.44075054,48.7312663,332.7160154,66.64893688,
371,372.0,333.2730172,49.41140751,48.709797,333.638982,66.70459606,
372,373.0,334.1947244,49.42454154,48.75063354,334.5619496,66.84484146,
373,374.0,335.1164326,49.41806456,48.7957599,335.484918,66.88178729,
374,375.0,336.0381417,49.53607548,48.80399084,336.4078875,66.91115528,
375,376.0,336.9598518,49.53183884,48.90875125,337.3308578,67.00625789,
376,377.0,337.8815627,49.55624718,48.99649804,338.2538291,66.97927461,
377,378.0,338.8032746,49.53171957,49.0016072,339.1768012,66.97417404,
378,379.0,339.7249874,49.54767177,49.02497803,340.0997743,66.9817869,
379,380.0,340.646701,49.55223104,49.08911653,341.0227482,66.98527839,
380,381.0,341.5684156,49.55787203,49.0653854,341.945723,66.97693806,
381,382.0,342.490131,49.56552721,49.06605463,342.8686988,66.95398007,
382,383.0,343.4118473,49.57259149,49.05339705,343.7916753,67.09452776,
383,384.0,344.3335644,49.56128958,49.1115008,344.7146528,67.106909,
384,385.0,345.2552824,49.56068251,49.10333533,345.6376311,67.20207228,
385,386.0,346.1770013,49.57839899,49.15253663,346.5606102,67.22424254,
386,387.0,347.098721,49.56572376,49.15829276,347.4835902,67.22662639,
387,388.0,348.0204415,49.59190095,49.15677024,348.406571,67.20619236,
388,389.0,348.9421629,49.62629503,49.13626622,349.3295526,67.29739322,
389,390.0,349.8638851,49.66935936,49.23980454,350.2525351,67.27519285,
390,391.0,350.7856081,49.6734861,49.23843189,351.1755184,67.27504985,
391,392.0,351.7073319,49.7084823,49.30071312,352.0985025,67.27835686,
392,393.0,352.6290565,49.67712464,49.29476497,353.0214874,67.26657118,
393,394.0,353.5507819,49.68329384,49.2986167,353.944473,67.29858912,
394,395.0,354.4725081,49.6772864,49.31770371,354.8674595,67.36461381,
395,396.0,355.3942351,49.6801347,49.29581431,355.7904468,67.35481966,
396,397.0,356.3159629,49.6562542,49.33641024,356.7134348,67.33414479,
397,398.0,357.2376914,49.65175569,49.32352935,357.6364236,67.34799423,
398,399.0,358.1594208,49.66295,49.32750949,358.5594132,67.30274435,
399,400.0,359.0811508,49.63718969,49.35126003,359.4824035,67.25166737,
400,401.0,360.0028817,49.64558936,49.43720348,360.4053946,67.2403127,
401,402.0,360.9246132,49.65371696,49.42555698,361.3283864,67.23851794,
402,403.0,361.8463455,49.67535007,49.42451198,362.251379,67.26361768,
403,404.0,362.7680786,49.66415703,49.44586438,363.1743723,67.25527825,
404,405.0,363.6898124,49.74064341,49.49506937,364.0973664,67.26341517,
405,406.0,364.6115469,49.74768242,49.49381641,365.0203611,67.2501809,
406,407.0,365.5332821,49.78076433,49.5391812,365.9433566,67.30886999,
407,408.0,366.4550181,49.80684037,49.52764317,366.8663528,67.28277543,
408,409.0,367.3767547,49.86590598,49.52431728,367.7893497,67.42816484,
409,410.0,368.2984921,49.85141254,49.51181899,368.7123473,67.46072903,
410,411.0,369.2202302,49.8933024,49.49387996,369.6353456,67.44249554,
411,412.0,370.1419689,49.93668063,49.48599324,370.5583446,67.50515063,
412,413.0,371.0637084,49.93455114,49.48468766,371.4813443,67.50946685,
413,414.0,371.9854485,49.97589012,49.47130279,372.4043447,67.46728933,
414,415.0,372.9071893,49.96535386,49.48882889,373.3273457,67.52143997,
415,416.0,373.8289308,49.96411604,49.47553719,374.2503474,67.51857735,
416,417.0,374.7506729,49.96158053,49.46989674,375.1733498,67.50927797,
417,418.0,375.6724158,49.96818596,49.44474095,376.0963529,67.49167287,
418,419.0,376.5941592,50.00722593,49.44922808,377.0193566,67.51285373,
419,420.0,377.5159034,50.04639279,49.46320816,377.9423609,67.53443852,
420,421.0,378.4376481,50.07621127,49.46431199,378.8653659,67.54436956,
421,422.0,379.3593935,50.1217225,49.51135163,379.7883716,67.58578476,
422,423.0,380.2811396,50.1331207,49.54779679,380.7113779,67.57725754,
423,424.0,381.2028863,50.19763461,49.56713909,381.6343848,67.5500381,
424,425.0,382.1246336,50.18930758,49.55945824,382.5573923,67.55868095,
425,426.0,383.0463816,50.20168138,49.60847874,383.4804005,67.54677073,
426,427.0,383.9681301,50.19566589,49.60913774,384.4034093,67.57185261,
427,428.0,384.8898793,50.1931824,49.5890507,385.3264187,67.61404891,
428,429.0,385.8116291,50.17723875,49.58915589,386.2494287,67.61580045,
429,430.0,386.7333795,50.15740627,49.58604354,387.1724393,67.73233753,
430,431.0,387.6551305,50.15870053,49.57780283,388.0954506,67.69911016,
431,432.0,388.5768822,50.18771828,49.59281517,389.0184624,67.70859108,
432,433.0,389.4986344,50.18239023,49.6701201,389.9414748,67.70414095,
433,434.0,390.4203872,50.2007877,49.68002714,390.8644878,67.74122709,
434,435.0,391.3421405,50.18673308,49.70247183,391.7875014,67.74171426,
435,436.0,392.2638945,50.18032668,49.68524884,392.7105156,67.7221948,
436,437.0,393.185649,50.17675214,49.67315854,393.6335303,67.68035535,
437,438.0,394.1074042,50.20928339,49.6658442,394.5565456,67.65757053,
438,439.0,395.0291598,50.2699882,49.6683892,395.4795615,67.64596568,
439,440.0,395.9509161,50.38871307,49.70213553,396.402578,67.76458449,
440,441.0,396.8726729,50.38284138,49.71900952,397.325595,67.76298435,
441,442.0,397.7944303,50.35799245,49.75585402,398.2486126,67.740199,
442,443.0,398.7161882,50.35536867,49.74660008,399.1716307,67.6969359,
443,444.0,399.6379467,50.34291938,49.76456996,400.0946494,67.67977961,
444,445.0,400.5597057,50.36522245,49.76024205,401.0176686,67.67887851,
445,446.0,401.4814653,50.3630709,49.74203342,401.9406883,67.70992204,
446,447.0,402.4032254,50.37322917,49.74411106,402.8637086,67.77187699,
447,448.0,403.324986,50.39743698,49.74311226,403.7867295,67.75200918,
448,449.0,404.2467472,50.40932979,49.75695617,404.7097508,67.72399871,
449,450.0,405.1685089,50.39868798,49.76681417,405.6327727,67.72350569,
450,451.0,406.0902711,50.440683,49.75837254,406.5557951,67.72811715,
451,452.0,407.0120339,50.43279351,49.74769198,407.4788181,67.88635657,
452,453.0,407.9337971,50.48700479,49.73247017,408.4018415,67.90361936,
453,454.0,408.8555609,50.47152272,49.74316713,409.3248655,67.87529258,
454,455.0,409.7773252,50.47894797,49.75404671,410.24789,67.94138093,
455,456.0,410.69909,50.46926603,49.74721793,411.1709149,67.97206124,
456,457.0,411.6208553,50.48431902,49.75935094,412.0939404,67.94561878,
457,458.0,412.5426211,50.46342725,49.73684057,413.0169664,67.98791228,
458,459.0,413.4643874,50.56620571,49.81276055,413.9399929,68.0092872,
459,460.0,414.3861542,50.56250065,49.83899883,414.8630198,68.05265105,
460,461.0,415.3079214,50.57162354,49.83345889,415.7860473,68.05125291,
461,462.0,416.2296892,50.56739518,49.84911093,416.7090752,68.06258459,
462,463.0,417.1514575,50.57182879,49.83812266,417.6321036,68.07964967,
463,464.0,418.0732262,50.58876051,49.82092992,418.5551325,68.07454614,
464,465.0,418.9949954,50.60215008,49.83873649,419.4781619,68.05217035,
465,466.0,419.9167651,50.58250219,49.81868229,420.4011918,68.02699832,
466,467.0,420.8385352,50.59322633,49.81170198,421.3242221,68.00535418,
467,468.0,421.7603058,50.59335584,49.81435737,422.2472529,68.04779635,
468,469.0,422.6820769,50.62821914,49.85022897,423.1702841,68.04169388,
469,470.0,423.6038485,50.62903586,49.83591687,424.0933158,68.0088639,
470,471.0,424.5256205,50.62587472,49.89754687,425.016348,67.99645814,
471,472.0,425.4473929,50.60807502,49.95127338,425.9393806,67.98703819,
472,473.0,426.3691658,50.6137726,49.93251161,426.8624137,68.1065991,
473,474.0,427.2909392,50.62595204,49.92101322,427.7854472,68.09134223,
474,475.0,428.212713,50.64452162,49.90237375,428.7084812,68.18617562,
475,476.0,429.1344873,50.63489823,50.02309949,429.6315156,68.16951011,
476,477.0,430.0562619,50.61995114,50.07279785,430.5545504,68.22656833,
477,478.0,430.9780371,50.6701911,50.05703079,431.4775857,68.29349347,
478,479.0,431.8998126,50.71437646,50.08648259,432.4006214,68.28864893,
479,480.0,432.8215886,50.70613844,50.07529548,433.3236576,68.39705864,
480,481.0,433.7433651,50.69400982,50.07356313,434.2466942,68.38248966,
481,482.0,434.6651419,50.69196929,50.0741028,435.1697312,68.49621319,
482,483.0,435.5869192,50.68173822,50.06335811,436.0927686,68.52568746,
483,484.0,436.5086969,50.70771149,50.0724994,437.0158064,68.52218386,
484,485.0,437.430475,50.71332691,50.12540808,437.9388447,68.56511928,
485,486.0,438.3522536,50.69609596,50.11836318,438.8618834,68.5946326,
486,487.0,439.2740325,50.68626585,50.11709766,439.7849225,68.57051756,
487,488.0,440.1958119,50.69397525,50.15045944,440.707962,68.54381318,
488,489.0,441.1175916,50.73143466,50.14378544,441.6310019,68.51295521,
489,490.0,442.0393718,50.71322015,50.17923714,442.5540422,68.49372946,
490,491.0,442.9611524,50.73526819,50.2100953,443.4770829,68.52435813,
491,492.0,443.8829334,50.7641936,50.18837561,444.4001241,68.58120575,
492,493.0,444.8047147,50.74336506,50.18477129,445.3231656,68.59430789,
493,494.0,445.7264965,50.77316828,50.18555786,446.2462075,68.62676649,
494,495.0,446.6482787,50.76077034,50.18533,447.1692498,68.59622917,
495,496.0,447.5700612,50.77575725,50.17974901,448.0922925,68.61302337,
496,497.0,448.4918442,50.7662366,50.17341523,449.0153356,68.60724408,
497,498.0,449.4136275,50.76687894,50.17987389,449.938379,68.57898599,
498,499.0,450.3354112,50.75636999,50.19168754,450.8614229,68.56484069,
499,500.0,451.2571953,50.7545985,50.23951579,451.7844671,68.56219898,
500,501.0,452.1789798,50.73588172,50.2434865,452.7075117,68.55281889,
501,502.0,453.1007646,50.73162421,50.25094746,453.6305567,68.71167095,
502,503.0,454.0225499,50.73892698,50.24686178,454.5536021,68.69017026,
503,504.0,454.9443355,50.72537074,50.24823192,455.4766478,68.70472234,
504,505.0,455.8661214,50.7156094,50.26024301,456.3996939,68.6979467,
505,506.0,456.7879078,50.71437103,50.24703227,457.3227403,68.68357187,
506,507.0,457.7096945,50.70439824,50.30435999,458.2457872,68.71381314,
507,508.0,458.6314815,50.71894886,50.30358335,459.1688344,68.70416263,
508,509.0,459.553269,50.71264743,50.30870509,460.0918819,68.71544963,
509,510.0,460.4750568,50.76592321,50.32898859,461.0149298,68.69894758,
510,511.0,461.3968449,50.77981897,50.30592512,461.9379781,68.73135615,
511,512.0,462.3186334,50.78040568,50.31456712,462.8610267,68.78951987,
512,513.0,463.2404222,50.78241243,50.3426215,463.7840757,68.75630194,
513,514.0,464.1622114,50.80168376,50.35202351,464.707125,68.78042595,
514,515.0,465.084001,50.79323325,50.42103212,465.6301746,68.76335256,
515,516.0,466.0057909,50.80324157,50.43426153,466.5532247,68.73254563,
516,517.0,466.9275811,50.81464946,50.44214243,467.476275,68.76305131,
517,518.0,467.8493717,50.83260661,50.46279742,468.3993257,68.75972621,
518,519.0,468.7711626,50.8253227,50.4619524,469.3223767,68.74013493,
519,520.0,469.6929539,50.83722927,50.50124925,470.2454281,68.8524418,
520,521.0,470.6147455,50.81502143,50.49593301,471.1684798,68.88391878,
521,522.0,471.5365374,50.81579752,50.49905538,472.0915318,68.87961703,
522,523.0,472.4583296,50.82459137,50.49930293,473.0145842,69.0403869,
523,524.0,473.3801222,50.82086882,50.48247443,473.9376369,69.04168694,
524,525.0,474.3019151,50.83624492,50.47925829,474.8606899,69.02777204,
525,526.0,475.2237084,50.84628592,50.49250805,475.7837433,69.03920153,
526,527.0,476.1455019,50.86778022,50.47672641,476.706797,69.07742918,
527,528.0,477.0672958,50.94658481,50.49465128,477.6298509,69.26711074,
528,529.0,477.98909,50.9547512,50.49259403,478.5529053,69.2281425,
529,530.0,478.9108846,50.97747882,50.47541286,479.4759599,69.23448867,
530,531.0,479.8326794,50.97980209,50.46559409,480.3990148,69.2979541,
531,532.0,480.7544746,50.99508098,50.48839062,481.3220701,69.31288108,
532,533.0,481.67627,50.99200843,50.52874067,482.2451257,69.29682972,
533,534.0,482.5980658,50.97818764,50.52739299,483.1681816,69.29847767,
534,535.0,483.5198619,50.96807641,50.50190325,484.0912378,69.29411975,
535,536.0,484.4416583,50.96845022,50.57576004,485.0142943,69.33846866,
536,537.0,485.363455,50.94707409,50.59208101,485.9373511,69.34770517,
537,538.0,486.285252,50.97195759,50.60042392,486.8604082,69.41792434,
538,539.0,487.2070494,50.99609372,50.59681336,487.7834656,69.6430518,
539,540.0,488.128847,50.9849043,50.58715049,488.7065233,69.63497883,
540,541.0,489.0506449,50.97607834,50.57727977,489.6295813,69.64692782,
541,542.0,489.9724431,50.96214262,50.56895046,490.5526396,69.63380403,
542,543.0,490.8942416,50.97325276,50.57162528,491.4756982,69.61188747,
543,544.0,491.8160404,50.97337223,50.57931084,492.3987571,69.59544236,
544,545.0,492.7378395,50.97741579,50.57773381,493.3218163,69.61098911,
545,546.0,493.6596389,50.98684195,50.57701568,494.2448758,69.59801949,
546,547.0,494.5814386,50.98306813,50.56721027,495.1679355,69.58233211,
547,548.0,495.5032385,50.99924782,50.55320056,496.0909956,69.55937239,
548,549.0,496.4250388,50.998454,50.56873074,497.0140559,69.54745304,
549,550.0,497.3468393,50.9991871,50.60101946,497.9371165,69.73569898,
550,551.0,498.2686401,51.00580391,50.60861553,498.8601774,69.74988198,
551,552.0,499.1904412,50.99971276,50.60380999,499.7832386,69.74738563,
552,553.0,500.1122426,51.02090432,50.61515768,500.7063001,69.74166025,
553,554.0,501.0340442,51.06682315,50.6078941,501.6293618,69.7315564,
554,555.0,501.9558462,51.08911045,50.67589944,502.5524238,69.82574051,
555,556.0,502.8776484,51.12889568,50.66551497,503.4754861,69.81301853,
556,557.0,503.7994509,51.1127205,50.65210894,504.3985487,69.84282585,
557,558.0,504.7212536,51.09857715,50.65488674,505.3216115,69.88448308,
558,559.0,505.6430566,51.14734563,50.68980818,506.2446746,69.85323418,
559,560.0,506.5648599,51.14847963,50.70038119,507.167738,69.84718172,
560,561.0,507.4866635,51.14073423,50.68734612,508.0908016,69.82158171,
561,562.0,508.4084673,51.14097357,50.68289219,509.0138655,69.81167869,
562,563.0,509.3302714,51.1289609,50.68180737,509.9369297,69.79768471,
563,564.0,510.2520757,51.1599921,50.67374037,510.8599941,69.81874046,
564,565.0,511.1738804,51.16879083,50.68120975,511.7830588,69.78712274,
565,566.0,512.0956852,51.17776523,50.68191548,512.7061237,69.79388068,
566,567.0,513.0174904,51.15953493,50.66964644,513.6291889,69.77433629,
567,568.0,513.9392957,51.15315104,50.690811,514.5522544,69.77379093,
568,569.0,514.8611014,51.14115152,50.7041574,515.4753201,69.80106474,
569,570.0,515.7829073,51.1284993,50.71297899,516.3983861,69.81805534,
570,571.0,516.7047134,51.10928408,50.71048379,517.3214523,69.81501942,
571,572.0,517.6265199,51.099564,50.6975349,518.2445188,69.79715953,
572,573.0,518.5483265,51.13701018,50.7266874,519.1675855,69.80038753,
573,574.0,519.4701334,51.14044189,50.73328047,520.0906525,69.7697667,
574,575.0,520.3919406,51.13529403,50.72405768,521.0137197,69.77049196,
575,576.0,521.313748,51.13044537,50.78495844,521.9367872,69.83695181,
576,577.0,522.2355556,51.11550501,50.7685897,522.8598549,69.90686395,
577,578.0,523.1573635,51.11415816,50.76652505,523.7829228,69.89586731,
578,579.0,524.0791716,51.11093245,50.78832125,524.705991,69.9734655,
579,580.0,525.00098,51.12046037,50.80748178,525.6290595,69.94564269,
580,581.0,525.9227886,51.1107382,50.86302869,526.5521282,69.92235638,
581,582.0,526.8445975,51.10277453,50.87802741,527.4751971,69.90644354,
582,583.0,527.7664066,51.10262222,50.89041387,528.3982662,69.90956134,
583,584.0,528.6882159,51.11495564,50.88540641,529.3213356,69.94792465,
584,585.0,529.6100255,51.13374274,50.96366614,530.2444052,69.94272552,
585,586.0,530.5318353,51.13557185,50.95163589,531.1674751,69.9310814,
586,587.0,531.4536453,51.13640781,50.94801985,532.0905452,69.88625549,
587,588.0,532.3754556,51.13395543,50.95542056,533.0136155,69.9135884,
588,589.0,533.297266,51.13413962,50.95260627,533.9366861,69.88378273,
589,590.0,534.2190768,51.12692245,50.95258122,534.8597568,69.93862352,
590,591.0,535.1408877,51.14335615,50.99664832,535.7828278,69.90293722,
591,592.0,536.0626989,51.12813548,50.99450058,536.7058991,69.90739154,
592,593.0,536.9845103,51.12259804,51.0081662,537.6289705,70.03518798,
593,594.0,537.9063219,51.24989555,51.08802658,538.5520422,70.01183976,
594,595.0,538.8281338,51.26046835,51.07296051,539.4751141,70.0578849,
595,596.0,539.7499458,51.25875234,51.07181472,540.3981862,70.04903903,
596,597.0,540.6717581,51.26168244,51.11726221,541.3212586,70.0546879,
597,598.0,541.5935706,51.31161593,51.11184757,542.2443311,70.06106045,
598,599.0,542.5153834,51.33173917,51.10030063,543.1674039,70.12193889,
599,600.0,543.4371963,51.36084556,51.0934619,544.0904769,70.12548808,
600,601.0,544.3590095,51.36297603,51.10568315,545.0135501,70.14278436,
601,602.0,545.2808229,51.35390807,51.1214625,545.9366236,70.13206907,
602,603.0,546.2026365,51.40502596,51.12877235,546.8596972,70.10636972,
603,604.0,547.1244503,51.41944258,51.12256896,547.7827711,70.07726162,
604,605.0,548.0462643,51.42563256,51.10834469,548.7058451,70.06209802,
605,606.0,548.9680785,51.44190871,51.09787567,549.6289194,70.1192432,
606,607.0,549.889893,51.43362599,51.11330676,550.5519939,70.10925448,
607,608.0,550.8117076,51.42355166,51.09752751,551.4750686,70.11025076,
608,609.0,551.7335225,51.42082921,51.11306464,552.3981435,70.11619767,
609,610.0,552.6553375,51.42141399,51.12901699,553.3212186,70.14945616,
610,611.0,553.5771528,51.43576721,51.10933178,554.2442939,70.12673926,
611,612.0,554.4989683,51.41585971,51.09977094,555.1673694,70.11086924,
612,613.0,555.420784,51.42593969,51.11720215,556.0904451,70.08171573,
613,614.0,556.3425998,51.41105496,51.10474234,557.0135211,70.05866116,
614,615.0,557.2644159,51.43700251,51.10321638,557.9365972,70.05425757,
615,616.0,558.1862322,51.42616909,51.12188687,558.8596735,70.04033149,
616,617.0,559.1080487,51.40573757,51.11999226,559.78275,70.04585326,
617,618.0,560.0298654,51.44260032,51.11259576,560.7058268,70.03377002,
618,619.0,560.9516823,51.43162364,51.09936118,561.6289037,70.02771684,
619,620.0,561.8734993,51.45499478,51.12078737,562.5519808,70.07592773,
620,621.0,562.7953166,51.43702423,51.11185753,563.4750581,70.0466199,
621,622.0,563.7171341,51.42589246,51.11695651,564.3981356,70.05658906,
622,623.0,564.6389517,51.43080883,51.11497978,565.3212133,70.15379516,
623,624.0,565.5607696,51.43722357,51.10536347,566.2442912,70.14752673,
624,625.0,566.4825876,51.44611092,51.09157971,567.1673693,70.11036808,
625,626.0,567.4044059,51.4354478,51.08586584,568.0904476,70.13692275,
626,627.0,568.3262243,51.41866443,51.10856162,569.013526,70.15658831,
627,628.0,569.2480429,51.42346607,51.10596082,569.9366047,70.19118919,
628,629.0,570.1698617,51.42412294,51.09334358,570.8596835,70.19366201,
629,630.0,571.0916807,51.41724345,51.09939791,571.7827625,70.2023715,
630,631.0,572.0134999,51.42379129,51.09154489,572.7058417,70.28758893,
631,632.0,572.9353193,51.40939332,51.09286204,573.6289211,70.30808976,
632,633.0,573.8571388,51.41374173,51.08820946,574.5520007,70.30477571,
633,634.0,574.7789585,51.41162036,51.11552078,575.4750805,70.63252723,
634,635.0,575.7007785,51.42685728,51.12311478,576.3981604,70.65931713,
635,636.0,576.6225986,51.41537028,51.11144677,577.3212405,70.65858134,
636,637.0,577.5444188,51.43936065,51.11945868,578.2443208,70.67933041,
637,638.0,578.4662393,51.44549959,51.14109797,579.1674013,70.66631131,
638,639.0,579.3880599,51.46015991,51.12970303,580.090482,70.64190214,
639,640.0,580.3098808,51.45737259,51.15108171,581.0135628,70.73038637,
640,641.0,581.2317017,51.44476175,51.1804365,581.9366439,70.72432988,
641,642.0,582.1535229,51.43362225,51.16450751,582.8597251,70.6960206,
642,643.0,583.0753443,51.41799583,51.15611665,583.7828064,70.70137702,
643,644.0,583.9971658,51.42531506,51.14825747,584.705888,70.69259798,
644,645.0,584.9189875,51.42027031,51.14976742,585.6289697,70.6959369,
645,646.0,585.8408094,51.42050742,51.14244124,586.5520516,70.66794391,
646,647.0,586.7626314,51.4013152,51.14271334,587.4751337,70.70172419,
647,648.0,587.6844536,51.38833694,51.14491542,588.3982159,70.67787722,
648,649.0,588.606276,51.37407178,51.15110616,589.3212983,70.66115039,
649,650.0,589.5280986,51.40052308,51.15411971,590.2443809,70.6331228,
650,651.0,590.4499213,51.41282105,51.15602646,591.1674636,70.66595807,
651,652.0,591.3717442,51.4132618,51.14847589,592.0905465,70.63941536,
652,653.0,592.2935672,51.41534992,51.14655596,593.0136296,70.61739692,
653,654.0,593.2153905,51.43250349,51.15166167,593.9367129,70.65655208,
654,655.0,594.1372139,51.42475977,51.1859486,594.8597963,70.77342203,
655,656.0,595.0590374,51.43352301,51.18872039,595.7828799,70.78549331,
656,657.0,595.9808612,51.42946805,51.17704459,596.7059636,70.78340037,
657,658.0,596.902685,51.42922259,51.16005567,597.6290475,70.75579596,
658,659.0,597.8245091,51.45834576,51.1701834,598.5521316,70.96012889,
659,660.0,598.7463333,51.46123967,51.15271022,599.4752158,70.93235227,
660,661.0,599.6681577,51.44904692,51.15230584,600.3983002,70.94469426,
661,662.0,600.5899822,51.44278504,51.16023557,601.3213848,70.94232048,
662,663.0,601.5118069,51.44728027,51.28474077,602.2444695,70.97411484,
663,664.0,602.4336318,51.45978962,51.26265696,603.1675543,70.94926739,
664,665.0,603.3554568,51.46455251,51.25643376,604.0906394,70.97931742,
665,666.0,604.277282,51.458571,51.27159631,605.0137246,71.00211515,
666,667.0,605.1991073,51.45371326,51.32465066,605.9368099,70.96475673,
667,668.0,606.1209328,51.45897232,51.31887465,606.8598954,71.03436175,
668,669.0,607.0427585,51.44936257,51.32172214,607.7829811,71.04211885,
669,670.0,607.9645843,51.44011793,51.31774611,608.7060669,71.1090231,
670,671.0,608.8864102,51.43006097,51.33653296,609.6291528,71.10480881,
671,672.0,609.8082363,51.42584882,51.34744206,610.5522389,71.09510484,
672,673.0,610.7300626,51.42009422,51.34628207,611.4753252,71.09172253,
673,674.0,611.651889,51.53578375,51.35101885,612.3984116,71.09946943,
674,675.0,612.5737156,51.52712272,51.36068386,613.3214982,71.11457021,
675,676.0,613.4955423,51.5443582,51.3566166,614.2445849,71.10747041,
676,677.0,614.4173691,51.54349711,51.36129353,615.1676718,71.10107245,
677,678.0,615.3391962,51.5448865,51.3692215,616.0907588,71.08260728,
678,679.0,616.2610233,51.55108285,51.36542144,617.013846,71.07146118,
679,680.0,617.1828506,51.54595629,51.36363582,617.9369333,71.12223658,
680,681.0,618.1046781,51.56010741,51.37837004,618.8600208,71.1069143,
681,682.0,619.0265057,51.54933924,51.39589702,619.7831084,71.21381678,
682,683.0,619.9483335,51.5431739,51.39951812,620.7061961,71.25496776,
683,684.0,620.8701614,51.53724886,51.4011439,621.629284,71.27697007,
684,685.0,621.7919894,51.52974082,51.40040111,622.5523721,71.24586955,
685,686.0,622.7138176,51.51843239,51.39323362,623.4754603,71.27259351,
686,687.0,623.6356459,51.50959772,51.3956836,624.3985486,71.309122,
687,688.0,624.5574744,51.5055731,51.39185504,625.3216371,71.31434974,
688,689.0,625.479303,51.50534098,51.38727489,626.2447257,71.28687657,
689,690.0,626.4011318,51.50360794,51.37691324,627.1678145,71.31299166,
690,691.0,627.3229607,51.54035412,51.37183977,628.0909034,71.29611684,
691,692.0,628.2447897,51.52861323,51.42710226,629.0139924,71.37234957,
692,693.0,629.1666189,51.56336441,51.45300874,629.9370816,71.34734184,
693,694.0,630.0884482,51.57890853,51.49217263,630.8601709,71.31734393,
694,695.0,631.0102777,51.59857757,51.47523403,631.7832604,71.30427609,
695,696.0,631.9321073,51.59035899,51.47678825,632.70635,71.29445128,
696,697.0,632.853937,51.58750316,51.46762388,633.6294397,71.32240585,
697,698.0,633.7757669,51.58788848,51.45563613,634.5525296,71.30270158,
698,699.0,634.6975969,51.58992389,51.448323,635.4756196,71.31539224,
699,700.0,635.6194271,51.5810767,51.44515511,636.3987097,71.38936984,
700,701.0,636.5412573,51.56518674,51.43256178,637.3218,71.40201699,
701,702.0,637.4630877,51.55808008,51.42958758,638.2448904,71.40482119,
702,703.0,638.3849183,51.58766517,51.43175475,639.1679809,71.39224873,
703,704.0,639.306749,51.5957959,51.47284732,640.0910716,71.38569704,
704,705.0,640.2285798,51.59416929,51.4652617,641.0141624,71.40536463,
705,706.0,641.1504107,51.59329439,51.5064184,641.9372534,71.42169723,
706,707.0,642.0722418,51.58869917,51.4940977,642.8603444,71.42961391,
707,708.0,642.994073,51.59374178,51.50013108,643.7834356,71.40166489,
708,709.0,643.9159044,51.58187106,51.50139237,644.706527,71.39308529,
709,710.0,644.8377358,51.57338141,51.49669672,645.6296184,71.38443984,
710,711.0,645.7595674,51.57331893,51.49581938,646.55271,71.36835288,
711,712.0,646.6813992,51.577768,51.48393935,647.4758017,71.39819212,
712,713.0,647.603231,51.57216368,51.52919651,648.3988936,71.53698099,
713,714.0,648.525063,51.56665636,51.51357432,649.3219856,71.535056,
714,715.0,649.4468951,51.56117855,51.50920932,650.2450777,71.58095662,
715,716.0,650.3687273,51.57992647,51.5300924,651.1681699,71.56365295,
716,717.0,651.2905597,51.57426861,51.52391419,652.0912622,71.54542344,
717,718.0,652.2123922,51.56223031,51.52961234,653.0143547,71.54691299,
718,719.0,653.1342248,51.60598347,51.52514891,653.9374473,71.57167915,
719,720.0,654.0560576,51.60224247,51.52367279,654.86054,71.56910434,
720,721.0,654.9778904,51.65527618,51.52421781,655.7836329,71.59265421,
721,722.0,655.8997234,51.66131659,51.51442864,656.7067259,71.57394274,
722,723.0,656.8215565,51.65713419,51.51947349,657.6298189,71.56012794,
723,724.0,657.7433897,51.65770055,51.52343862,658.5529122,71.54777798,
724,725.0,658.6652231,51.64571525,51.51769336,659.4760055,71.53553361,
725,726.0,659.5870566,51.62680281,51.53876166,660.399099,71.60307346,
726,727.0,660.5088902,51.64376223,51.54985867,661.3221925,71.57819439,
727,728.0,661.4307239,51.67199514,51.66702793,662.2452862,71.68798329,
728,729.0,662.3525577,51.65779759,51.67337722,663.1683801,71.68713298,
729,730.0,663.2743917,51.67522301,51.67730627,664.091474,71.75068904,
730,731.0,664.1962257,51.66581699,51.68730726,665.014568,71.76632856,
731,732.0,665.1180599,51.66821591,51.68465532,665.9376622,71.75720576,
732,733.0,666.0398942,51.66612627,51.66897785,666.8607565,71.77439563,
733,734.0,666.9617287,51.65229738,51.67809847,667.7838509,71.76024971,
734,735.0,667.8835632,51.64444742,51.68058818,668.7069454,71.74654789,
735,736.0,668.8053979,51.64600027,51.6752245,669.6300401,71.71596187,
736,737.0,669.7272327,51.63491054,51.73520672,670.5531348,71.75510114,
737,738.0,670.6490675,51.66734594,51.73518743,671.4762297,71.74381424,
738,739.0,671.5709026,51.65289263,51.72731637,672.3993247,71.73045748,
739,740.0,672.4927377,51.65757802,51.7127886,673.3224198,71.71624888,
740,741.0,673.4145729,51.65816642,51.7041524,674.245515,71.70201268,
741,742.0,674.3364083,51.65161799,51.7014998,675.1686103,71.67806577,
742,743.0,675.2582437,51.64288897,51.71071908,676.0917058,71.66093153,
743,744.0,676.1800793,51.64245382,51.70226432,677.0148013,71.64505178,
744,745.0,677.101915,51.65650342,51.72668812,677.937897,71.65181446,
745,746.0,678.0237508,51.6619221,51.71354485,678.8609928,71.67359007,
746,747.0,678.9455867,51.67360924,51.72142262,679.7840887,71.71399888,
747,748.0,679.8674227,51.67747689,51.76411385,680.7071846,71.70425674,
748,749.0,680.7892588,51.76914944,51.75574284,681.6302808,71.71255165,
749,750.0,681.7110951,51.76606988,51.74217906,682.553377,71.82175236,
750,751.0,682.6329314,51.77526386,51.76889648,683.4764733,71.90634891,
751,752.0,683.5547679,51.7774747,51.76399028,684.3995697,71.8916973,
752,753.0,684.4766045,51.76690596,51.79534687,685.3226663,71.88459546,
753,754.0,685.3984411,51.76069569,51.80460202,686.2457629,71.89036171,
754,755.0,686.3202779,51.74578317,51.7945826,687.1688597,71.89381357,
755,756.0,687.2421148,51.7402477,51.78343438,688.0919565,71.90338618,
756,757.0,688.1639518,51.75131722,51.78822093,689.0150535,71.87905626,
757,758.0,689.0857889,51.78382903,51.78132153,689.9381506,71.89559614,
758,759.0,690.0076261,51.79569917,51.76642411,690.8612478,71.88961222,
759,760.0,690.9294634,51.78392229,51.76644821,691.784345,71.8859108,
760,761.0,691.8513009,51.78796991,51.77749074,692.7074424,71.87977298,
761,762.0,692.7731384,51.77794182,51.76620052,693.6305399,71.90468163,
762,763.0,693.694976,51.79907514,51.7612787,694.5536375,71.89835951,
763,764.0,694.6168137,51.80002035,51.75908096,695.4767352,71.87279597,
764,765.0,695.5386516,51.79508613,51.77469122,696.399833,71.859678,
765,766.0,696.4604895,51.7886559,51.78360457,697.322931,71.86574202,
766,767.0,697.3823276,51.80912888,51.79773271,698.246029,71.84418691,
767,768.0,698.3041657,51.81226865,51.79406753,699.1691271,71.81923985,
768,769.0,699.226004,51.799612,51.79637213,700.0922253,71.79752817,
769,770.0,700.1478423,51.78752326,51.78771542,701.0153236,71.83905869,
770,771.0,701.0696808,51.78057686,51.77438514,701.938422,71.82797181,
771,772.0,701.9915193,51.76576591,51.7604782,702.8615205,71.89957292,
772,773.0,702.913358,51.77498852,51.80497853,703.7846192,71.9272936,
773,774.0,703.8351967,51.762942,51.79791902,704.7077179,71.94672551,
774,775.0,704.7570356,51.75710744,51.79391204,705.6308167,71.92447566,
775,776.0,705.6788745,51.75917784,51.78622007,706.5539156,71.9713195,
776,777.0,706.6007135,51.75227134,51.79273202,707.4770146,71.97487517,
777,778.0,707.5225527,51.73853736,51.77776802,708.4001137,71.96233175,
778,779.0,708.4443919,51.73710432,51.77149756,709.3232129,71.94114736,
779,780.0,709.3662313,51.74650297,51.77926245,710.2463122,71.91580657,
780,781.0,710.2880707,51.74489256,51.7735281,711.1694116,71.90651575,
781,782.0,711.2099102,51.75897232,51.77541357,712.0925111,71.90755502,
782,783.0,712.1317499,51.75282535,51.78026572,713.0156107,71.96553927,
783,784.0,713.0535896,51.76429877,51.76991766,713.9387104,71.95653867,
784,785.0,713.9754294,51.76583766,51.78342516,714.8618102,71.94721607,
785,786.0,714.8972693,51.7525308,51.78925403,715.7849101,72.13934003,
786,787.0,715.8191094,51.75342403,51.80570971,716.70801,72.17996249,
787,788.0,716.7409495,51.75451254,51.80502935,717.6311101,72.1625511,
788,789.0,717.6627897,51.76182716,51.79809647,718.5542103,72.1489614,
789,790.0,718.58463,51.75177941,51.79349035,719.4773105,72.1547984,
790,791.0,719.5064703,51.75720048,51.77886373,720.4004109,72.13155917,
791,792.0,720.4283108,51.75756291,51.7685478,721.3235113,72.1310857,
792,793.0,721.3501514,51.74699821,51.75615318,722.2466118,72.10868654,
793,794.0,722.2719921,51.752695,51.76807648,723.1697125,72.08738484,
794,795.0,723.1938328,51.74020833,51.7593637,724.0928132,72.05987462,
795,796.0,724.1156737,51.75236692,51.74396627,725.015914,72.04920076,
796,797.0,725.0375146,51.75355366,51.74117936,725.9390149,72.02736504,
797,798.0,725.9593556,51.76733199,51.75367437,726.8621159,72.05155726,
798,799.0,726.8811968,51.76418341,51.75528705,727.785217,72.04276184,
799,800.0,727.803038,51.76893756,51.76550739,728.7083181,72.15393401,
800,801.0,728.7248793,51.76905307,51.77198557,729.6314194,72.14640343,
801,802.0,729.6467207,51.76289721,51.77650123,730.5545207,72.50198846,
802,803.0,730.5685622,51.76052949,51.76287464,731.4776222,72.5005055,
803,804.0,731.4904037,51.77229264,51.75826495,732.4007237,72.50027107,
804,805.0,732.4122454,51.77482295,51.76045626,733.3238253,72.48710732,
805,806.0,733.3340871,51.76407843,51.74881317,734.246927,72.47130044,
806,807.0,734.255929,51.76318143,51.73823693,735.1700288,72.50621812,
807,808.0,735.1777709,51.76026396,51.73410949,736.0931307,72.48143941,
808,809.0,736.0996129,51.77621464,51.72415909,737.0162326,72.47069472,
809,810.0,737.021455,51.78097785,51.72882627,737.9393347,72.46066763,
810,811.0,737.9432972,51.78273492,51.76419448,738.8624368,72.43220759,
811,812.0,738.8651394,51.7778183,51.79268343,739.7855391,72.40614039,
812,813.0,739.7869818,51.77914809,51.78020038,740.7086414,72.43072537,
813,814.0,740.7088242,51.77088509,51.78444753,741.6317438,72.44197306,
814,815.0,741.6306668,51.77418208,51.81879389,742.5548462,72.44721217,
815,816.0,742.5525094,51.77371207,51.81440507,743.4779488,72.44675826,
816,817.0,743.4743521,51.80712905,51.82049643,744.4010514,72.42287219,
817,818.0,744.3961948,51.80755951,51.83030006,745.3241542,72.42885216,
818,819.0,745.3180377,51.79767355,51.82458566,746.247257,72.41282035,
819,820.0,746.2398807,51.79729664,51.83374703,747.1703599,72.4988335,
820,821.0,747.1617237,51.78681192,51.83226394,748.0934629,72.49319354,
821,822.0,748.0835668,51.77647717,51.83073391,749.0165659,72.46095587,
822,823.0,749.00541,51.76708088,51.82383214,749.9396691,72.46033698,
823,824.0,749.9272533,51.76156463,51.81016163,750.8627723,72.48248918,
824,825.0,750.8490966,51.74780244,51.81259682,751.7858756,72.49708155,
825,826.0,751.7709401,51.73371561,51.8253731,752.708979,72.62584415,
826,827.0,752.6927836,51.73629715,51.87736553,753.6320825,72.61559093,
827,828.0,753.6146272,51.7393741,51.88067528,754.555186,72.6162062,
828,829.0,754.5364709,51.74615822,51.89486371,755.4782897,72.59362743,
829,830.0,755.4583147,51.83527693,51.88709411,756.4013934,72.59726487,
830,831.0,756.3801585,51.83358412,51.89665652,757.3244972,72.59902395,
831,832.0,757.3020024,51.82675772,51.88584636,758.2476011,72.58328904,
832,833.0,758.2238464,51.83700198,51.9015564,759.170705,72.59019365,
833,834.0,759.1456905,51.83961838,51.91767778,760.093809,72.90537903,
834,835.0,760.0675347,51.82967513,51.92204937,761.0169132,72.88179063,
835,836.0,760.9893789,51.82108266,51.90952427,761.9400173,72.86379885,
836,837.0,761.9112233,51.8154314,51.90590176,762.8631216,72.9429311,
837,838.0,762.8330677,51.80924622,51.89415457,763.786226,72.93066003,
838,839.0,763.7549121,51.80472663,51.88629741,764.7093304,72.99002026,
839,840.0,764.6767567,51.79294424,51.88854594,765.6324349,73.06203154,
840,841.0,765.5986013,51.79042605,51.898832,766.5555395,73.04693799,
841,842.0,766.5204461,51.81356737,51.89527796,767.4786441,73.10474953,
842,843.0,767.4422908,51.81188059,51.8919152,768.4017489,73.09333341,
843,844.0,768.3641357,51.83616909,51.90863299,769.3248537,73.12331953,
844,845.0,769.2859806,51.84731238,51.92356154,770.2479586,73.19036403,
845,846.0,770.2078257,51.8546332,51.91798627,771.1710635,73.18950806,
846,847.0,771.1296708,51.84493474,51.91384703,772.0941686,73.18159383,
847,848.0,772.0515159,51.85458936,51.94475994,773.0172737,73.17675764,
848,849.0,772.9733612,51.87800289,51.95228444,773.9403789,73.15850033,
849,850.0,773.8952065,51.87588354,51.94821661,774.8634841,73.1285664,
850,851.0,774.8170519,51.87163754,51.93518898,775.7865895,73.10556108,
851,852.0,775.7388974,51.86070637,51.93086782,776.7096949,73.12423856,
852,853.0,776.6607429,51.85968583,51.94972436,777.6328003,73.12741279,
853,854.0,777.5825885,51.87570001,51.93998797,778.5559059,73.12384989,
854,855.0,778.5044342,51.8806751,51.93740222,779.4790115,73.12660225,
855,856.0,779.42628,51.90589339,51.93511724,780.4021172,73.12134555,
856,857.0,780.3481258,51.89393797,51.92835989,781.325223,73.10377526,
857,858.0,781.2699717,51.88132515,51.92003088,782.2483289,73.0742376,
858,859.0,782.1918177,51.87315139,51.94475276,783.1714348,73.08485568,
859,860.0,783.1136638,51.87301913,51.97133117,784.0945408,73.05919951,
860,861.0,784.0355099,51.86666311,51.96618364,785.0176469,73.07578097,
861,862.0,784.9573561,51.86412054,52.00612379,785.940753,73.17513022,
862,863.0,785.8792024,51.8501997,51.99780647,786.8638592,73.15677535,
863,864.0,786.8010487,51.85936303,51.9861841,787.7869655,73.15400605,
864,865.0,787.7228951,51.85735766,51.9837039,788.7100718,73.14150466,
865,866.0,788.6447416,51.86015063,51.98286381,789.6331783,73.13822222,
866,867.0,789.5665881,51.85219733,51.97947599,790.5562847,73.13571394,
867,868.0,790.4884348,51.88826213,52.00280061,791.4793913,73.1825158,
868,869.0,791.4102815,51.88298165,52.00219963,792.4024979,73.20406962,
869,870.0,792.3321282,51.87754821,51.99065169,793.3256046,73.21557608,
870,871.0,793.2539751,51.86406314,51.97738925,794.2487114,73.22006837,
871,872.0,794.175822,51.8703566,51.96690692,795.1718183,73.23345241,
872,873.0,795.0976689,51.88218005,51.96984983,796.0949252,73.22132038,
873,874.0,796.019516,51.8778751,51.99653967,797.0180321,73.22884794,
874,875.0,796.9413631,51.86975413,52.00118875,797.9411392,73.24876106,
875,876.0,797.8632103,51.86957891,52.00163494,798.8642463,73.24353874,
876,877.0,798.7850575,51.86528106,51.99613056,799.7873535,73.24559744,
877,878.0,799.7069048,51.86366238,52.00001683,800.7104607,73.23602937,
878,879.0,800.6287522,51.88672821,51.99826538,801.6335681,73.24793903,
879,880.0,801.5505997,51.87729399,52.04585747,802.5566754,73.25275199,
880,881.0,802.4724472,51.8839253,52.05155289,803.4797829,73.24339483,
881,882.0,803.3942948,51.87922932,52.04747362,804.4028904,73.23408352,
882,883.0,804.3161424,51.8893068,52.05125049,805.325998,73.21828844,
883,884.0,805.2379901,51.89775549,52.05401075,806.2491056,73.20121217,
884,885.0,806.1598379,51.9093594,52.05200646,807.1722134,73.19186106,
885,886.0,807.0816858,51.91632114,52.03993142,808.0953211,73.17101056,
886,887.0,808.0035337,51.90731284,52.02807825,809.018429,73.16138895,
887,888.0,808.9253817,51.91556504,52.01913924,809.9415369,73.13915155,
888,889.0,809.8472297,51.90986482,52.00912921,810.8646449,73.18288145,
889,890.0,810.7690778,51.91070361,52.00452332,811.7877529,73.17379344,
890,891.0,811.690926,51.90079775,52.00232889,812.710861,73.19054995,
891,892.0,812.6127743,51.90783222,52.00151625,813.6339692,73.16307864,
892,893.0,813.5346226,51.90525118,52.00063906,814.5570775,73.14382279,
893,894.0,814.4564709,51.92476571,51.99059428,815.4801858,73.23603913,
894,895.0,815.3783194,51.94051642,52.02001276,816.4032941,73.22499085,
895,896.0,816.3001679,51.94906657,52.01599637,817.3264026,73.2288565,
896,897.0,817.2220164,51.95055762,52.01855531,818.249511,73.20652801,
897,898.0,818.1438651,51.9482933,52.01150007,819.1726196,73.2133435,
898,899.0,819.0657137,51.95170407,52.00511971,820.0957282,73.22071078,
899,900.0,819.9875625,51.95162646,51.99339515,821.0188369,73.18964999,
900,901.0,820.9094113,51.94205833,52.05509144,821.9419456,73.17050897,
901,902.0,821.8312602,51.97046814,52.06798178,822.8650545,73.16142309,
902,903.0,822.7531091,51.9693083,52.06354498,823.7881633,73.13365524,
903,904.0,823.6749581,51.967188,52.08279696,824.7112723,73.10992926,
904,905.0,824.5968072,51.98700938,52.07960189,825.6343812,73.10812921,
905,906.0,825.5186563,52.01331611,52.06249573,826.5574903,73.10670043,
906,907.0,826.4405055,52.01449626,52.06029066,827.4805994,73.0950107,
907,908.0,827.3623548,52.01430061,52.04873123,828.4037086,73.09205329,
908,909.0,828.2842041,52.00826995,52.03547972,829.3268178,73.07833077,
909,910.0,829.2060534,52.02596846,52.05379426,830.2499271,73.10459979,
910,911.0,830.1279029,52.02115797,52.04443923,831.1730365,73.08147753,
911,912.0,831.0497524,52.02934434,52.0452333,832.0961459,73.06530073,
912,913.0,831.9716019,52.02503195,52.03944664,833.0192554,73.09262383,
913,914.0,832.8934515,52.01484001,52.08506539,833.9423649,73.12912937,
914,915.0,833.8153012,52.01234745,52.09590213,834.8654745,73.10740187,
915,916.0,834.7371509,52.02664005,52.09575073,835.7885842,73.10324597,
916,917.0,835.6590007,52.05545125,52.08753918,836.7116939,73.08205281,
917,918.0,836.5808506,52.26415671,52.07451625,837.6348037,73.07960868,
918,919.0,837.5027005,52.25771111,52.07828406,838.5579135,73.06805546,
919,920.0,838.4245504,52.26813274,52.07446008,839.4810234,73.10075749,
920,921.0,839.3464005,52.28472181,52.06929047,840.4041334,73.09183359,
921,922.0,840.2682506,52.28078963,52.07400159,841.3272434,73.07487168,
922,923.0,841.1901007,52.27381499,52.06735247,842.2503534,73.07471694,
923,924.0,842.1119509,52.26434148,52.07993057,843.1734636,73.06419699,
924,925.0,843.0338012,52.25546829,52.07362897,844.0965737,73.0674593,
925,926.0,843.9556515,52.24643686,52.07105349,845.019684,73.02999073,
926,927.0,844.8775019,52.2503757,52.09584265,845.9427943,73.01241217,
927,928.0,845.7993523,52.23962267,52.09746978,846.8659046,73.08036665,
928,929.0,846.7212028,52.24171691,52.13652901,847.7890151,73.08021209,
929,930.0,847.6430533,52.24000236,52.12601303,848.7121255,73.07672018,
930,931.0,848.5649039,52.24706475,52.11788705,849.6352361,73.08892107,
931,932.0,849.4867546,52.24807599,52.17813715,850.5583466,73.13429656,
932,933.0,850.4086053,52.24380209,52.19011174,851.4814573,73.13865662,
933,934.0,851.3304561,52.23416337,52.18082182,852.404568,73.12100522,
934,935.0,852.2523069,52.23209082,52.17581091,853.3276787,73.11602167,
935,936.0,853.1741578,52.24934956,52.16108007,854.2507895,73.12589934,
936,937.0,854.0960087,52.24209362,52.15539936,855.1739004,73.09983895,
937,938.0,855.0178597,52.24329073,52.15325357,856.0970113,73.11607774,
938,939.0,855.9397108,52.23504066,52.16096961,857.0201223,73.09905864,
939,940.0,856.8615619,52.22514628,52.16573606,857.9432333,73.15349317,
940,941.0,857.7834131,52.22446784,52.19680424,858.8663444,73.16762284,
941,942.0,858.7052643,52.23215323,52.20387293,859.7894555,73.16945066,
942,943.0,859.6271156,52.23623923,52.2161523,860.7125667,73.15332817,
943,944.0,860.5489669,52.23582479,52.23241696,861.635678,73.13865183,
944,945.0,861.4708183,52.2348983,52.23509316,862.5587893,73.13418556,
945,946.0,862.3926697,52.2284134,52.24285047,863.4819006,73.1975618,
946,947.0,863.3145212,52.24738666,52.2566372,864.405012,73.21126878,
947,948.0,864.2363727,52.25573095,52.33627457,865.3281235,73.31681168,
948,949.0,865.1582243,52.24663422,52.32767241,866.251235,73.30939979,
949,950.0,866.080076,52.23707831,52.37012133,867.1743466,73.34604617,
950,951.0,867.0019277,52.24683965,52.35483883,868.0974582,73.32642272,
951,952.0,867.9237794,52.25235892,52.34351771,869.0205699,73.30672333,
952,953.0,868.8456312,52.2424073,52.34272894,869.9436816,73.32868728,
953,954.0,869.7674831,52.2342606,52.34394394,870.8667934,73.31082377,
954,955.0,870.689335,52.22904817,52.33640567,871.7899052,73.35313914,
955,956.0,871.611187,52.22324558,52.33663699,872.7130171,73.33458116,
956,957.0,872.533039,52.21608603,52.34425487,873.6361291,73.34335362,
957,958.0,873.4548911,52.22396088,52.34340385,874.559241,73.31405816,
958,959.0,874.3767432,52.21154674,52.35300844,875.4823531,73.36053874,
959,960.0,875.2985954,52.22966539,52.3976528,876.4054652,73.33868694,
960,961.0,876.2204476,52.22354604,52.38785192,877.3285773,73.32310768,
961,962.0,877.1422999,52.21148172,52.38447525,878.2516895,73.31261304,
962,963.0,878.0641522,52.24146432,52.41825166,879.1748018,73.31660336,
963,964.0,878.9860046,52.24057122,52.42385886,880.0979141,73.30758158,
964,965.0,879.907857,52.22978531,52.42129915,881.0210264,73.29398117,
965,966.0,880.8297095,52.25388661,52.41970768,881.9441388,73.28059865,
966,967.0,881.751562,52.26196138,52.4143682,882.8672512,73.28562699,
967,968.0,882.6734146,52.26307817,52.40242003,883.7903637,73.30172162,
968,969.0,883.5952673,52.25915059,52.40662126,884.7134763,73.29338762,
969,970.0,884.5171199,52.26183702,52.39250838,885.6365889,73.26491575,
970,971.0,885.4389727,52.2540143,52.38291455,886.5597015,73.28093593,
971,972.0,886.3608255,52.27456542,52.38058326,887.4828142,73.2862159,
972,973.0,887.2826783,52.2730804,52.37763426,888.405927,73.28661613,
973,974.0,888.2045312,52.26406929,52.37690727,889.3290398,73.28105955,
974,975.0,889.1263841,52.26813583,52.37676259,890.2521526,73.2849643,
975,976.0,890.0482371,52.26455502,52.37309644,891.1752655,73.25931016,
976,977.0,890.9700901,52.26711795,52.37266532,892.0983785,73.24524024,
977,978.0,891.8919432,52.26785522,52.40875519,893.0214915,73.22197181,
978,979.0,892.8137963,52.26044882,52.41452725,893.9446045,73.21718916,
979,980.0,893.7356495,52.27443202,52.41153693,894.8677176,73.19011057,
980,981.0,894.6575027,52.29009667,52.40243771,895.7908307,73.19289866,
981,982.0,895.579356,52.27812507,52.40181423,896.7139439,73.22447363,
982,983.0,896.5012093,52.28814416,52.40049407,897.6370572,73.21206792,
983,984.0,897.4230627,52.33857109,52.41257928,898.5601704,73.19944251,
984,985.0,898.3449161,52.36259889,52.40400521,899.4832838,73.1769556,
985,986.0,899.2667696,52.35458824,52.39387443,900.4063971,73.19210666,
986,987.0,900.1886231,52.36031401,52.41295078,901.3295106,73.17969866,
987,988.0,901.1104766,52.36459007,52.40843815,902.252624,73.17142714,
988,989.0,902.0323303,52.36834358,52.40050862,903.1757376,73.16574709,
989,990.0,902.9541839,52.37411339,52.41007957,904.0988511,73.15875474,
990,991.0,903.8760376,52.38422866,52.44385475,905.0219647,73.14376315,
991,992.0,904.7978914,52.39500248,52.45047672,905.9450784,73.13322746,
992,993.0,905.7197452,52.38312573,52.44773953,906.8681921,73.23151292,
993,994.0,906.641599,52.37623697,52.45149778,907.7913059,73.25893854,
994,995.0,907.5634529,52.36805772,52.45227518,908.7144197,73.25742703,
995,996.0,908.4853068,52.40369301,52.44823505,909.6375335,73.25016001,
996,997.0,909.4071608,52.39058335,52.44894284,910.5606474,73.29473202,
997,998.0,910.3290148,52.40872877,52.43485921,911.4837613,73.27825404,
998,999.0,911.2508689,52.41113759,52.4331587,912.4068753,73.27567576,
999,1000.0,912.172723,52.4108248,52.44384487,913.3299893,73.27549312,
1000,,,,,,,0.7008275087957647
1001,,,,,,,1.4125919658591015
1002,,,,,,,2.0855723087501534
1003,,,,,,,2.6830061376707954
1004,,,,,,,3.2755006194888394
1005,,,,,,,3.759648220449605
1006,,,,,,,4.294924538507436
1007,,,,,,,4.725106473246232
1008,,,,,,,5.230728324023275
1009,,,,,,,5.686532420900975
1010,,,,,,,6.143029133088487
1011,,,,,,,6.590423603927306
1012,,,,,,,7.05655671324199
1013,,,,,,,7.502594300401508
1014,,,,,,,8.011038736033127
1015,,,,,,,8.487725188821159
1016,,,,,,,8.953721519945704
1017,,,,,,,9.435589550404414
1018,,,,,,,9.943922373232176
1019,,,,,,,10.406642814342819
1020,,,,,,,10.993246413250406
1021,,,,,,,11.459950077232092
1022,,,,,,,11.99138346395751
1023,,,,,,,12.522383233221165
1024,,,,,,,13.03287861618489
1025,,,,,,,13.557898671629403
1026,,,,,,,14.227228344721249
1027,,,,,,,14.59524779954277
1028,,,,,,,15.144044824431388
1029,,,,,,,15.766274985690917
1030,,,,,,,16.318805245379483
1031,,,,,,,16.847000197970566
1032,,,,,,,17.5240002999292
1033,,,,,,,18.09802913849908
1034,,,,,,,18.62902042765647
1035,,,,,,,19.361502375039596
1036,,,,,,,19.828174406495332
1037,,,,,,,20.349498694636956
1038,,,,,,,21.18165248389079
1039,,,,,,,21.729910318016163
1040,,,,,,,22.333243527527713
1041,,,,,,,22.789001085186833
1042,,,,,,,23.368704149441538
1043,,,,,,,23.80463740320291
1044,,,,,,,24.263152832086394
1045,,,,,,,24.79619922770235
1046,,,,,,,25.35729957485279
1047,,,,,,,25.67863924894285
1048,,,,,,,26.22690956940078
1049,,,,,,,26.587949955296423
1050,,,,,,,27.014621813203796
1051,,,,,,,27.574505028949545
1052,,,,,,,27.852253118090406
1053,,,,,,,28.53745535295381
1054,,,,,,,29.20585460917664
1055,,,,,,,29.535015506430707
1056,,,,,,,30.155694374730434
1057,,,,,,,30.575950911305842
1058,,,,,,,31.033354667535924
1059,,,,,,,31.436113816180818
1060,,,,,,,31.71342817790087
1061,,,,,,,32.08401789974313
1062,,,,,,,32.646712923436034
1063,,,,,,,33.02624654776155
1064,,,,,,,33.24505788310496
1065,,,,,,,33.55921115269556
1066,,,,,,,34.00515870201417
1067,,,,,,,34.505406170256016
1068,,,,,,,34.88593631142626
1069,,,,,,,35.495665056336726
1070,,,,,,,35.8689116262598
1071,,,,,,,36.098860324515826
1072,,,,,,,36.590420733891676
1073,,,,,,,36.93151627434573
1074,,,,,,,37.326317456770894
1075,,,,,,,37.794340013073636
1076,,,,,,,38.235687654484146
1077,,,,,,,38.5909765064375
1078,,,,,,,38.73073077601743
1079,,,,,,,38.95710248765317
1080,,,,,,,39.399225708387156
1081,,,,,,,39.712420404879474
1082,,,,,,,39.98466985810539
1083,,,,,,,40.32579162455312
1084,,,,,,,40.713708481102735
1085,,,,,,,40.98775962946525
1086,,,,,,,41.2074038769167
1087,,,,,,,41.49644370642233
1088,,,,,,,41.71717019108006
1089,,,,,,,41.928637516672325
1090,,,,,,,42.121723319427254
1091,,,,,,,42.323168908225135
1092,,,,,,,42.61028757862305
1093,,,,,,,42.76981047928316
1094,,,,,,,42.921829957960966
1095,,,,,,,43.01292846237885
1096,,,,,,,43.22487627592573
1097,,,,,,,43.57711465537971
1098,,,,,,,43.699516252326895
1099,,,,,,,43.858403861540594
1100,,,,,,,44.03487103302843
1101,,,,,,,44.31532325726809
1102,,,,,,,44.599589919053976
1103,,,,,,,45.04535258597688
1104,,,,,,,45.37595450506293
1105,,,,,,,45.74528483878572
1106,,,,,,,45.99017715178497
1107,,,,,,,46.27818608687553
1108,,,,,,,46.45599916523507
1109,,,,,,,46.63996385080257
1110,,,,,,,46.96309115290453
1111,,,,,,,47.15962000861083
1112,,,,,,,47.2913455448834
1113,,,,,,,47.738619461703315
1114,,,,,,,47.900049568510696
1115,,,,,,,48.18838366632242
1116,,,,,,,48.505497348946626
1117,,,,,,,48.86419868842768
1118,,,,,,,49.018422707607904
1119,,,,,,,49.14973441448754
1120,,,,,,,49.24821866142887
1121,,,,,,,49.34101391871728
1122,,,,,,,49.53875643338739
1123,,,,,,,49.76363996995657
1124,,,,,,,49.99819118793647
1125,,,,,,,50.20993467865346
1126,,,,,,,50.35356740386696
1127,,,,,,,50.75539359707933
1128,,,,,,,50.915020659858264
1129,,,,,,,51.115693862006175
1130,,,,,,,51.34549429337547
1131,,,,,,,51.60724923479902
1132,,,,,,,51.77580275312413
1133,,,,,,,51.88439503346936
1134,,,,,,,52.18760326323743
1135,,,,,,,52.26315346474994
1136,,,,,,,52.300576034353256
1137,,,,,,,52.456077818661974
1138,,,,,,,52.63493603828915
1139,,,,,,,52.91415509202216
1140,,,,,,,52.916982868423794
1141,,,,,,,53.013554779470155
1142,,,,,,,53.26589301780977
1143,,,,,,,53.646671537265924
1144,,,,,,,53.86314039001322
1145,,,,,,,54.09143202791762
1146,,,,,,,54.250861852206455
1147,,,,,,,54.4598879641419
1148,,,,,,,54.69912018887252
1149,,,,,,,54.810891735261514
1150,,,,,,,54.99300331326067
1151,,,,,,,55.13319863797055
1152,,,,,,,55.28757180427689
1153,,,,,,,55.38010925713304
1154,,,,,,,55.59495126443655
1155,,,,,,,55.754813573570466
1156,,,,,,,56.1319897956044
1157,,,,,,,56.23245631304166
1158,,,,,,,56.233790772016505
1159,,,,,,,56.27237745063057
1160,,,,,,,56.33077546728911
1161,,,,,,,56.53851028362495
1162,,,,,,,56.711059085046045
1163,,,,,,,56.74153948038191
1164,,,,,,,56.8571735569607
1165,,,,,,,56.935525934088375
1166,,,,,,,57.0427347721426
1167,,,,,,,57.12111020903223
1168,,,,,,,57.238456237163
1169,,,,,,,57.402780020349994
1170,,,,,,,57.60470976548484
1171,,,,,,,57.716053186214694
1172,,,,,,,57.872129512355805
1173,,,,,,,58.014151386735854
1174,,,,,,,58.27435858102726
1175,,,,,,,58.405493442622095
1176,,,,,,,58.61077983273331
1177,,,,,,,58.70482428179723
1178,,,,,,,58.80071857074929
1179,,,,,,,58.880394779282575
1180,,,,,,,59.009110317545655
1181,,,,,,,59.111106955036135
1182,,,,,,,59.18742960222184
1183,,,,,,,59.2718803947948
1184,,,,,,,59.380337972196905
1185,,,,,,,59.47535830557781
1186,,,,,,,59.501851381233756
1187,,,,,,,59.59960888539838
1188,,,,,,,59.652948735820104
1189,,,,,,,59.75980977750606
1190,,,,,,,59.86581121423325
1191,,,,,,,59.90089548453979
1192,,,,,,,60.04074286410416
1193,,,,,,,60.081440668545525
1194,,,,,,,60.17953816926341
1195,,,,,,,60.3471247880874
1196,,,,,,,60.49511422359802
1197,,,,,,,60.60143384725057
1198,,,,,,,60.7034194438782
1199,,,,,,,60.75273014016471
1200,,,,,,,60.80173654669931
1201,,,,,,,61.147647960161535
1202,,,,,,,61.242717201360485
1203,,,,,,,61.30815291694308
1204,,,,,,,61.37216664949352
1205,,,,,,,61.58945972922711
1206,,,,,,,61.69721499174697
1207,,,,,,,61.934807616426866
1208,,,,,,,62.09521635818532
1209,,,,,,,62.14327609861389
1210,,,,,,,62.210969462062124
1211,,,,,,,62.35329648153091
1212,,,,,,,62.41687176960408
1213,,,,,,,62.78896198403698
1214,,,,,,,62.87927769995556
1215,,,,,,,62.91002454397513
1216,,,,,,,63.042266741744115
1217,,,,,,,63.02253081645172
1218,,,,,,,63.14228624409968
1219,,,,,,,63.23468967680251
1220,,,,,,,63.37976956956514
1221,,,,,,,63.57526988379544
1222,,,,,,,63.649789389473256
1223,,,,,,,63.80598501684519
1224,,,,,,,63.87542484640994
1225,,,,,,,63.91770992347693
1226,,,,,,,63.892896746242236
1227,,,,,,,63.9950509947923
1228,,,,,,,64.04578123496643
1229,,,,,,,64.10515019130499
1230,,,,,,,64.24478219920297
1231,,,,,,,64.34984134190952
1232,,,,,,,64.40070117700785
1233,,,,,,,64.49557395138925
1234,,,,,,,64.6102802508057
1235,,,,,,,64.6511871333829
1236,,,,,,,64.72163137001041
1237,,,,,,,64.75835297257447
1238,,,,,,,64.85751987667862
1239,,,,,,,64.9381582991489
1240,,,,,,,65.15914507959654
1241,,,,,,,65.2812937498468
1242,,,,,,,65.44711369517312
1243,,,,,,,65.55402124620174
1244,,,,,,,65.57762468183695
1245,,,,,,,65.60984193327701
1246,,,,,,,65.61856341909456
1247,,,,,,,65.69982560653632
1248,,,,,,,65.80775995419513
1249,,,,,,,65.89371495957299
1250,,,,,,,65.89362021257395
1251,,,,,,,65.96113156211193
1252,,,,,,,66.00253616158932
1253,,,,,,,66.0932641045939
1254,,,,,,,66.11692486024266
1255,,,,,,,66.19130785591318
1256,,,,,,,66.25927163460156
1257,,,,,,,66.24139839481289
1258,,,,,,,66.33264116522851
1259,,,,,,,66.4208155411269
1260,,,,,,,66.4889413970554
1261,,,,,,,66.52681333892848
1262,,,,,,,66.67581091638499
1263,,,,,,,66.71644525866435
1264,,,,,,,66.75485067863521
1265,,,,,,,66.84864836610062
1266,,,,,,,67.00174395970144
1267,,,,,,,67.09522372333895
1268,,,,,,,67.15411665537292
1269,,,,,,,67.16879287251997
1270,,,,,,,67.18838132564932
1271,,,,,,,67.24305725418782
1272,,,,,,,67.40976678175846
1273,,,,,,,67.49114813315332
1274,,,,,,,67.59583581616145
1275,,,,,,,67.58884288772192
1276,,,,,,,67.59137988787994
1277,,,,,,,67.7810475310972
1278,,,,,,,67.81150156287666
1279,,,,,,,67.8422407367378
1280,,,,,,,67.88881278691737
1281,,,,,,,67.89436398421397
1282,,,,,,,68.14357922556265
1283,,,,,,,68.19089331616689
1284,,,,,,,68.34433265724537
1285,,,,,,,68.37408512406995
1286,,,,,,,68.44666871286374
1287,,,,,,,68.49291378836041
1288,,,,,,,68.54980684559312
1289,,,,,,,68.56013984167639
1290,,,,,,,68.62289297720666
1291,,,,,,,68.71065752023992
1292,,,,,,,68.73678379627961
1293,,,,,,,68.8018884067307
1294,,,,,,,68.80394231892565
1295,,,,,,,68.89263913872128
1296,,,,,,,68.9137512353798
1297,,,,,,,68.93154313414468
1298,,,,,,,68.96698722234274
1299,,,,,,,68.99117237992476
1300,,,,,,,69.05614361897129
1301,,,,,,,69.13618852566668
1302,,,,,,,69.12891242917853
1303,,,,,,,69.15131261138542
1304,,,,,,,69.24860596634059
1305,,,,,,,69.3589715389532
1306,,,,,,,69.4157672458571
1307,,,,,,,69.4651173474212
1308,,,,,,,69.50385876805316
1309,,,,,,,69.49745390056684
1310,,,,,,,69.55075335021971
1311,,,,,,,69.56507585633167
1312,,,,,,,69.5757828426567
1313,,,,,,,69.6314730164745
1314,,,,,,,69.74529870880554
1315,,,,,,,69.7365292006611
1316,,,,,,,69.7420617163339
1317,,,,,,,69.82058130130604
1318,,,,,,,69.84472646191742
1319,,,,,,,69.91897920327497
1320,,,,,,,69.89924150473017
1321,,,,,,,69.98887484245428
1322,,,,,,,69.99888699668563
1323,,,,,,,70.07084309648585
1324,,,,,,,70.14117675007468
1325,,,,,,,70.12681049234794
1326,,,,,,,70.2467855392862
1327,,,,,,,70.36910211748723
1328,,,,,,,70.40959766371758
1329,,,,,,,70.48158131638893
1330,,,,,,,70.59433248111917
1331,,,,,,,70.59150637582596
1332,,,,,,,70.75931423149883
1333,,,,,,,70.87956822486926
1334,,,,,,,70.91859498003834
1335,,,,,,,70.92689045268291
1336,,,,,,,70.9477985989316
1337,,,,,,,70.94082141383612
1338,,,,,,,71.00535124008893
1339,,,,,,,71.03868464599212
1340,,,,,,,71.09873639663131
1341,,,,,,,71.15856805376959
1342,,,,,,,71.1809964570549
1343,,,,,,,71.24545762630667
1344,,,,,,,71.23318890013809
1345,,,,,,,71.20299002701725
1346,,,,,,,71.1875902021607
1347,,,,,,,71.23001149036868
1348,,,,,,,71.2742135440183
1349,,,,,,,71.29300155699688
1350,,,,,,,71.3024625033429
1351,,,,,,,71.36219087108422
1352,,,,,,,71.40884514534756
1353,,,,,,,71.49209146498184
1354,,,,,,,71.5142163982842
1355,,,,,,,71.5972039111477
1356,,,,,,,71.62499466625783
1357,,,,,,,71.66268177467335
1358,,,,,,,71.67520126764784
1359,,,,,,,71.7030005156079
1360,,,,,,,71.71971798944139
1361,,,,,,,71.74588093408394
1362,,,,,,,71.7302513366963
1363,,,,,,,71.79865439020973
1364,,,,,,,71.80541860441937
1365,,,,,,,71.85837127009601
1366,,,,,,,71.91277917714578
1367,,,,,,,71.90596263751281
1368,,,,,,,71.91360053487328
1369,,,,,,,71.89804860161112
1370,,,,,,,71.893085667053
1371,,,,,,,71.88784489048396
1372,,,,,,,71.90805052403832
1373,,,,,,,71.961060941292
1374,,,,,,,71.96580574368662
1375,,,,,,,71.97242618379109
1376,,,,,,,72.01197212060764
1377,,,,,,,72.01379004178833
1378,,,,,,,72.02621023595002
1379,,,,,,,72.03940572986973
1380,,,,,,,72.05486702551823
1381,,,,,,,72.0887407131895
1382,,,,,,,72.09647907575983
1383,,,,,,,72.14396592514592
1384,,,,,,,72.15601671295889
1385,,,,,,,72.19829270726837
1386,,,,,,,72.21220788346581
1387,,,,,,,72.23437194673815
1388,,,,,,,72.22320735870557
1389,,,,,,,72.2752007833127
1390,,,,,,,72.34019083070046
1391,,,,,,,72.34385233645513
1392,,,,,,,72.31864809898762
1393,,,,,,,72.30866157475363
1394,,,,,,,72.347507988627
1395,,,,,,,72.34030011293531
1396,,,,,,,72.3759442982927
1397,,,,,,,72.36677935830889
1398,,,,,,,72.45820408770156
1399,,,,,,,72.47619736082316
1400,,,,,,,72.50225538178155
1401,,,,,,,72.52613218963772
1402,,,,,,,72.52614440278633
1403,,,,,,,72.51609223918561
1404,,,,,,,72.54434797221813
1405,,,,,,,72.52687660206071
1406,,,,,,,72.52562554885932
1407,,,,,,,72.5390303079259
1408,,,,,,,72.68354243946958
1409,,,,,,,72.72080373531638
1410,,,,,,,72.7739280043396
1411,,,,,,,72.79237456074206
1412,,,,,,,72.84577345954982
1413,,,,,,,72.95900890128152
1414,,,,,,,72.95145799337851
1415,,,,,,,72.96158363216122
1416,,,,,,,73.06754295084963
1417,,,,,,,73.07855106021385
1418,,,,,,,73.11329537322564
1419,,,,,,,73.11681445659488
1420,,,,,,,73.13145693609523
1421,,,,,,,73.14036693905926
1422,,,,,,,73.17791688897097
1423,,,,,,,73.16611705142886
1424,,,,,,,73.23671116211854
1425,,,,,,,73.28875133339727
1426,,,,,,,73.28866996163049
1427,,,,,,,73.31557336833147
1428,,,,,,,73.46701235294357
1429,,,,,,,73.4576454153457
1430,,,,,,,73.47472792227013
1431,,,,,,,73.47438151114227
1432,,,,,,,73.47422469467124
1433,,,,,,,73.48481101092554
1434,,,,,,,73.47719558299517
1435,,,,,,,73.49883980518098
1436,,,,,,,73.47330214469086
1437,,,,,,,73.53695122931508
1438,,,,,,,73.56890657884298
1439,,,,,,,73.58123130154397
1440,,,,,,,73.60049530658311
1441,,,,,,,73.6129412086798
1442,,,,,,,73.72006640249177
1443,,,,,,,73.75307330031971
1444,,,,,,,73.76565157521826
1445,,,,,,,73.76147324318151
1446,,,,,,,73.79926178332768
1447,,,,,,,73.80505693164675
1448,,,,,,,73.81576404634927
1449,,,,,,,73.82659984249261
1450,,,,,,,73.89153669180264
1451,,,,,,,73.90303736126388
1452,,,,,,,73.93189793167815
1453,,,,,,,73.95793986243635
1454,,,,,,,74.01654073042194
1455,,,,,,,74.00707570158595
1456,,,,,,,74.02839843661289
1457,,,,,,,74.06908337079699
1458,,,,,,,74.06059442510883
1459,,,,,,,74.08537987662702
1460,,,,,,,74.08858940027011
1461,,,,,,,74.08640898879727
1462,,,,,,,74.10210128419418
1463,,,,,,,74.10639847833468
1464,,,,,,,74.13128908753703
1465,,,,,,,74.16382651200315
1466,,,,,,,74.23073040823476
1467,,,,,,,74.24018863234102
1468,,,,,,,74.24603787202655
1469,,,,,,,74.37282881512664
1470,,,,,,,74.36563864320895
1471,,,,,,,74.38172163738733
1472,,,,,,,74.4225090915454
1473,,,,,,,74.43343849152896
1474,,,,,,,74.39888723695044
1475,,,,,,,74.43768020072572
1476,,,,,,,74.45705683602459
1477,,,,,,,74.44643334120227
1478,,,,,,,74.51148674634737
1479,,,,,,,74.52865438937602
1480,,,,,,,74.58699212458849
1481,,,,,,,74.58828854673428
1482,,,,,,,74.61570819496774
1483,,,,,,,74.6050238368432
1484,,,,,,,74.6637588008447
1485,,,,,,,74.66978023140557
1486,,,,,,,74.66416892175098
1487,,,,,,,74.69947987069403
1488,,,,,,,74.70096517771707
1489,,,,,,,74.72398806726453
1490,,,,,,,74.7198703534153
1491,,,,,,,74.74849186389173
1492,,,,,,,74.81088972108866
1493,,,,,,,74.83649386108607
1494,,,,,,,74.90011331545249
1495,,,,,,,74.91700550754089
1496,,,,,,,74.89369994991827
1497,,,,,,,74.88085727590345
1498,,,,,,,74.87109522771327
1499,,,,,,,74.90884408470427
1500,,,,,,,74.92945558266094
1501,,,,,,,74.9343513745362
1502,,,,,,,74.92622006281059
1503,,,,,,,74.93977915249968
1504,,,,,,,75.00561381024808
1505,,,,,,,75.04834650484568
1506,,,,,,,75.05981999817415
1507,,,,,,,75.0584368400996
1508,,,,,,,75.13486739151836
1509,,,,,,,75.15307745976374
1510,,,,,,,75.13491306521622
1511,,,,,,,75.15820346938827
1512,,,,,,,75.17125927850864
1513,,,,,,,75.20239762564248
1514,,,,,,,75.27265975456194
1515,,,,,,,75.26214415474342
1516,,,,,,,75.30461199234588
1517,,,,,,,75.32441961221897
1518,,,,,,,75.31409288844574
1519,,,,,,,75.34424534627009
1520,,,,,,,75.35195979142348
1521,,,,,,,75.33482840278246
1522,,,,,,,75.35471586165787
1523,,,,,,,75.36558574676596
1524,,,,,,,75.404229094901
1525,,,,,,,75.43875251555437
1526,,,,,,,75.41963261298736
1527,,,,,,,75.4218111518787
1528,,,,,,,75.43032189556791
1529,,,,,,,75.53478756909227
1530,,,,,,,75.56709015694496
1531,,,,,,,75.60387298641842
1532,,,,,,,75.62697943086752
1533,,,,,,,75.68427799866228
1534,,,,,,,75.70485269305632
1535,,,,,,,75.70704528408083
1536,,,,,,,75.71425038104518
1537,,,,,,,75.71169932330017
1538,,,,,,,75.70990448832758
1539,,,,,,,75.73844801495981
1540,,,,,,,75.81970279000657
1541,,,,,,,75.81917145563541
1542,,,,,,,75.82765071660822
1543,,,,,,,75.8848760064464
1544,,,,,,,75.95958772823708
1545,,,,,,,76.02256720704034
1546,,,,,,,76.04930593129055
1547,,,,,,,76.04723375721552
1548,,,,,,,76.07208760002118
1549,,,,,,,76.04109823933652
1550,,,,,,,76.03928523797393
1551,,,,,,,76.03064894646602
1552,,,,,,,76.04386542483232
1553,,,,,,,76.12162971997108
1554,,,,,,,76.11736307535435
1555,,,,,,,76.11961849667398
1556,,,,,,,76.14216383540524
1557,,,,,,,76.14856012094714
1558,,,,,,,76.15070760337991
1559,,,,,,,76.20946757805422
1560,,,,,,,76.24068108076784
1561,,,,,,,76.25863173215329
1562,,,,,,,76.29998953120636
1563,,,,,,,76.31600239607242
1564,,,,,,,76.34872198058403
1565,,,,,,,76.3608490575038
1566,,,,,,,76.34816014252624
1567,,,,,,,76.33690749038684
1568,,,,,,,76.36731348573134
1569,,,,,,,76.3890567827393
1570,,,,,,,76.4168031690557
1571,,,,,,,76.40845349731055
1572,,,,,,,76.43135298356086
1573,,,,,,,76.41281662624432
1574,,,,,,,76.40622389437816
1575,,,,,,,76.46705161241665
1576,,,,,,,76.50695440023642
1577,,,,,,,76.52488896374668
1578,,,,,,,76.55791851985181
1579,,,,,,,76.61311957984687
1580,,,,,,,76.59060881033889
1581,,,,,,,76.58447907495645
1582,,,,,,,76.60833941649166
1583,,,,,,,76.66641316159382
1584,,,,,,,76.6840792923633
1585,,,,,,,76.6985900932509
1586,,,,,,,76.69964575260276
1587,,,,,,,76.69061953267826
1588,,,,,,,76.68293303427272
1589,,,,,,,76.65653806105801
1590,,,,,,,76.66778377285326
1591,,,,,,,76.66776378348592
1592,,,,,,,76.7222510120751
1593,,,,,,,76.76528317664611
1594,,,,,,,76.75773632799117
1595,,,,,,,76.8008799335196
1596,,,,,,,76.80117723418417
1597,,,,,,,76.82750056850212
1598,,,,,,,76.86118003367487
1599,,,,,,,76.9118402715653
1600,,,,,,,76.92552791308323
1601,,,,,,,76.90796006588138
1602,,,,,,,76.91529563346324
1603,,,,,,,76.90385194317578
1604,,,,,,,76.91764532498838
1605,,,,,,,76.9153500760178
1606,,,,,,,76.89916871269702
1607,,,,,,,76.93933983147033
1608,,,,,,,76.91662387692226
1609,,,,,,,76.92835141148443
1610,,,,,,,76.94650705106228
1611,,,,,,,76.95020208157223
1612,,,,,,,76.93717531433813
1613,,,,,,,76.97743776476159
1614,,,,,,,76.99416732591088
1615,,,,,,,77.05846121424645
1616,,,,,,,77.04108651144018
1617,,,,,,,77.04055760661035
1618,,,,,,,77.05900274112481
1619,,,,,,,77.08950111124962
1620,,,,,,,77.10573878696268
1621,,,,,,,77.1093085659136
1622,,,,,,,77.10699617102658
1623,,,,,,,77.08588075740056
1624,,,,,,,77.09776059040348
1625,,,,,,,77.11614612243199
1626,,,,,,,77.1124008306098
1627,,,,,,,77.12700642529146
1628,,,,,,,77.12322993041627
1629,,,,,,,77.12633826863087
1630,,,,,,,77.17341655651882
1631,,,,,,,77.16626629789225
1632,,,,,,,77.15649839511761
1633,,,,,,,77.23334122018996
1634,,,,,,,77.23682701364696
1635,,,,,,,77.23019772321285
1636,,,,,,,77.22015619187418
1637,,,,,,,77.232518726455
1638,,,,,,,77.20793616533668
1639,,,,,,,77.20968281560062
1640,,,,,,,77.20972065288767
1641,,,,,,,77.21213423354804
1642,,,,,,,77.1929385352855
1643,,,,,,,77.17258651944334
1644,,,,,,,77.18475602849813
1645,,,,,,,77.20979627680406
1646,,,,,,,77.21510432799752
1647,,,,,,,77.20037705663353
1648,,,,,,,77.22653363589534
1649,,,,,,,77.26886822842815
1650,,,,,,,77.27650478154327
1651,,,,,,,77.29874802426892
1652,,,,,,,77.32423636268692
1653,,,,,,,77.38282661803058
1654,,,,,,,77.37379319204429
1655,,,,,,,77.39126916351029
1656,,,,,,,77.41389244244598
1657,,,,,,,77.42432252918908
1658,,,,,,,77.42634306752738
1659,,,,,,,77.43078316729527
1660,,,,,,,77.41089940777577
1661,,,,,,,77.40986302253967
1662,,,,,,,77.39446250154732
1663,,,,,,,77.37355999584015
1664,,,,,,,77.3741436191011
1665,,,,,,,77.40753153606748
1666,,,,,,,77.41685180905115
1667,,,,,,,77.40848821003476
1668,,,,,,,77.40565050994454
1669,,,,,,,77.38754190052668
1670,,,,,,,77.38676394585566
1671,,,,,,,77.396399368258
1672,,,,,,,77.40680107760068
1673,,,,,,,77.42222285373664
1674,,,,,,,77.42860633732191
1675,,,,,,,77.43824638695095
1676,,,,,,,77.45655671310216
1677,,,,,,,77.49445802848861
1678,,,,,,,77.55555474435539
1679,,,,,,,77.57201161100532
1680,,,,,,,77.60703556528908
1681,,,,,,,77.58826101028801
1682,,,,,,,77.60612650471023
1683,,,,,,,77.63536929383244
1684,,,,,,,77.64513144268237
1685,,,,,,,77.63104655544592
1686,,,,,,,77.63563574349723
1687,,,,,,,77.62286307650741
1688,,,,,,,77.62251653149143
1689,,,,,,,77.64007963228617
1690,,,,,,,77.63371966693548
1691,,,,,,,77.66026035219204
1692,,,,,,,77.67232287940692
1693,,,,,,,77.68092581795244
1694,,,,,,,77.68424548155087
1695,,,,,,,77.71620583239422
1696,,,,,,,77.75449273916242
1697,,,,,,,77.76584761038323
1698,,,,,,,77.79780325017106
1699,,,,,,,77.80530432941953
1700,,,,,,,77.81329987803416
1701,,,,,,,77.80930628992644
1702,,,,,,,77.81131304621942
1703,,,,,,,77.83402226870732
1704,,,,,,,77.81813469171156
1705,,,,,,,77.81193536165206
1706,,,,,,,77.7984478709036
1707,,,,,,,77.81428138795283
1708,,,,,,,77.82132046083717
1709,,,,,,,77.83025834986042
1710,,,,,,,77.87214000066606
1711,,,,,,,77.88319011124094
1712,,,,,,,77.88027109418715
1713,,,,,,,77.89854218822757
1714,,,,,,,77.89893176654293
1715,,,,,,,77.91890606203731
1716,,,,,,,77.95632466963228
1717,,,,,,,77.9533604081417
1718,,,,,,,77.94495728676681
1719,,,,,,,77.96009079295315
1720,,,,,,,77.95092700228417
1721,,,,,,,77.95218548036586
1722,,,,,,,77.9470508199383
1723,,,,,,,77.96094855572125
1724,,,,,,,78.038515276868
1725,,,,,,,78.05485799883053
1726,,,,,,,78.06149308585915
1727,,,,,,,78.08848243740799
1728,,,,,,,78.07857195071266
1729,,,,,,,78.06036238506135
1730,,,,,,,78.06018427644041
1731,,,,,,,78.08799959952182
1732,,,,,,,78.10289322301631
1733,,,,,,,78.14140174000471
1734,,,,,,,78.14142567235487
1735,,,,,,,78.1509014693966
1736,,,,,,,78.1587402172766
1737,,,,,,,78.17360780790099
1738,,,,,,,78.21924486390533
1739,,,,,,,78.2227303045634
1740,,,,,,,78.20647338139668
1741,,,,,,,78.21913425538283
1742,,,,,,,78.23163016462743
1743,,,,,,,78.29235924346719
1744,,,,,,,78.29942054675806
1745,,,,,,,78.34960194491265
1746,,,,,,,78.35529568720436
1747,,,,,,,78.37120270380768
1748,,,,,,,78.37296747830752
1749,,,,,,,78.37497100425304
1750,,,,,,,78.3741077216323
1751,,,,,,,78.40227283456552
1752,,,,,,,78.41346968585552
1753,,,,,,,78.40586007691662
1754,,,,,,,78.38559233497345
1755,,,,,,,78.39713995462017
1756,,,,,,,78.37983089667544
1757,,,,,,,78.36839183734014
1758,,,,,,,78.38173007893371
1759,,,,,,,78.38197262006601
1760,,,,,,,78.37312206423177
1761,,,,,,,78.39454392767101
1762,,,,,,,78.37777568575454
1763,,,,,,,78.39868464955195
1764,,,,,,,78.41772710339885
1765,,,,,,,78.40766560815807
1766,,,,,,,78.43712103246796
1767,,,,,,,78.43358363875457
1768,,,,,,,78.44244787473819
1769,,,,,,,78.43353719069644
1770,,,,,,,78.45116042498199
1771,,,,,,,78.44851886729214
1772,,,,,,,78.45750185556437
1773,,,,,,,78.45410433933561
1774,,,,,,,78.44057441779344
1775,,,,,,,78.46259630445469
1776,,,,,,,78.46906951422174
1777,,,,,,,78.48789134692542
1778,,,,,,,78.49547364842337
1779,,,,,,,78.50965916219172
1780,,,,,,,78.51866733603495
1781,,,,,,,78.580793024222
1782,,,,,,,78.58775943094493
1783,,,,,,,78.60028797756985
1784,,,,,,,78.61304868150772
1785,,,,,,,78.6147082718134
1786,,,,,,,78.61049719137563
1787,,,,,,,78.61930917409053
1788,,,,,,,78.64625316503526
1789,,,,,,,78.6539884307801
1790,,,,,,,78.6611446641567
1791,,,,,,,78.65808655771629
1792,,,,,,,78.66696851703756
1793,,,,,,,78.66914726591922
1794,,,,,,,78.67998717808184
1795,,,,,,,78.70973464707045
1796,,,,,,,78.72682670599819
1797,,,,,,,78.72103631350053
1798,,,,,,,78.72324232132868
1799,,,,,,,78.72891340324753
1800,,,,,,,78.71129258352019
1801,,,,,,,78.7179258250538
1802,,,,,,,78.69695357894027
1803,,,,,,,78.71046796422416
1804,,,,,,,78.71250387459759
1805,,,,,,,78.70165837222288
1806,,,,,,,78.69170100041683
1807,,,,,,,78.68582126774179
1808,,,,,,,78.66165018360236
1809,,,,,,,78.67236951547763
1810,,,,,,,78.66862977452128
1811,,,,,,,78.66793320714125
1812,,,,,,,78.66852706602647
1813,,,,,,,78.67093172309811
1814,,,,,,,78.69871275992534
1815,,,,,,,78.69620717334847
1816,,,,,,,78.7110953314369
1817,,,,,,,78.7663152597317
1818,,,,,,,78.74883225062148
1819,,,,,,,78.76866202843271
1820,,,,,,,78.79373759751861
1821,,,,,,,78.79509383219902
1822,,,,,,,78.79083981008934
1823,,,,,,,78.79306707765882
1824,,,,,,,78.80031424131556
1825,,,,,,,78.78545711463909
1826,,,,,,,78.82125502953714
1827,,,,,,,78.83723018429903
1828,,,,,,,78.82754096625325
1829,,,,,,,78.87235960561814
1830,,,,,,,78.89330122727343
1831,,,,,,,78.89730882208731
1832,,,,,,,78.93165240051071
1833,,,,,,,78.91564747511055
1834,,,,,,,78.90279050877919
1835,,,,,,,78.91764958139233
1836,,,,,,,78.93796677852556
1837,,,,,,,78.93114760275736
1838,,,,,,,78.92218651415173
1839,,,,,,,78.91215519728263
1840,,,,,,,78.89851222014767
1841,,,,,,,78.89142860938367
1842,,,,,,,78.88981685723712
1843,,,,,,,78.90570205399193
1844,,,,,,,78.91209296165086
1845,,,,,,,78.89381408603387
1846,,,,,,,78.87876765948558
1847,,,,,,,78.88381907331964
1848,,,,,,,78.87259298140656
1849,,,,,,,78.87746373659739
1850,,,,,,,78.8767983338137
1851,,,,,,,78.88754020434119
1852,,,,,,,78.88969943212079
1853,,,,,,,78.90089995065789
1854,,,,,,,78.90940769669756
1855,,,,,,,78.9051722620072
1856,,,,,,,78.91748871686222
1857,,,,,,,78.928335655529
1858,,,,,,,78.96387657672913
1859,,,,,,,78.96812501557952
1860,,,,,,,79.00664121005833
1861,,,,,,,79.00110976972805
1862,,,,,,,78.98898561864742
1863,,,,,,,78.99221792799283
1864,,,,,,,78.98639029325786
1865,,,,,,,78.99946954853542
1866,,,,,,,79.00400266540478
1867,,,,,,,79.06122858049737
1868,,,,,,,79.0660576263164
1869,,,,,,,79.05933316196385
1870,,,,,,,79.10146478243385
1871,,,,,,,79.1003060725134
1872,,,,,,,79.12846431045635
1873,,,,,,,79.13591262474533
1874,,,,,,,79.1306234591644
1875,,,,,,,79.12272100183726
1876,,,,,,,79.1120610585549
1877,,,,,,,79.14645384191938
1878,,,,,,,79.14406313087231
1879,,,,,,,79.14620217071189
1880,,,,,,,79.14692932554635
1881,,,,,,,79.14988367737355
1882,,,,,,,79.17024574697838
1883,,,,,,,79.17235345397326
1884,,,,,,,79.16264988986566
1885,,,,,,,79.15934357293072
1886,,,,,,,79.15495774722035
1887,,,,,,,79.15296665000942
1888,,,,,,,79.14641370695765
1889,,,,,,,79.14169770290957
1890,,,,,,,79.12902555341428
1891,,,,,,,79.13430270456975
1892,,,,,,,79.11940127421406
1893,,,,,,,79.12791386862217
1894,,,,,,,79.13391148485522
1895,,,,,,,79.1428783536897
1896,,,,,,,79.14831239690598
1897,,,,,,,79.15787165604051
1898,,,,,,,79.16232020170695
1899,,,,,,,79.15810402007794
1900,,,,,,,79.17557486603516
1901,,,,,,,79.18108182570344
1902,,,,,,,79.25306620692919
1903,,,,,,,79.2523642226747
1904,,,,,,,79.24476568080479
1905,,,,,,,79.2520923573637
1906,,,,,,,79.27584149965074
1907,,,,,,,79.28005518551933
1908,,,,,,,79.34416920680711
1909,,,,,,,79.33484959727332
1910,,,,,,,79.3162190384097
1911,,,,,,,79.3200641131502
1912,,,,,,,79.32053093094461
1913,,,,,,,79.32448695056038
1914,,,,,,,79.31721528303635
1915,,,,,,,79.32873697513533
1916,,,,,,,79.32381012668095
1917,,,,,,,79.33000468624962
1918,,,,,,,79.3418371089843
1919,,,,,,,79.34736306071851
1920,,,,,,,79.34529403038292
1921,,,,,,,79.34333030066578
1922,,,,,,,79.35920929253987
1923,,,,,,,79.40418275973303
1924,,,,,,,79.39048632799742
1925,,,,,,,79.39562927878559
1926,,,,,,,79.41812490378476
1927,,,,,,,79.42609730714777
1928,,,,,,,79.42563630159773
1929,,,,,,,79.43472083147698
1930,,,,,,,79.42138512442762
1931,,,,,,,79.50642272426707
1932,,,,,,,79.49138689531111
1933,,,,,,,79.48386704124509
1934,,,,,,,79.49266732584852
1935,,,,,,,79.49633723336179
1936,,,,,,,79.50325693885266
1937,,,,,,,79.50746206959747
1938,,,,,,,79.54141284377755
1939,,,,,,,79.53721379451589
1940,,,,,,,79.52999333482305
1941,,,,,,,79.52419155901234
1942,,,,,,,79.51522199410851
1943,,,,,,,79.5340491368106
1944,,,,,,,79.52961374502513
1945,,,,,,,79.52075829905984
1946,,,,,,,79.59198824413645
1947,,,,,,,79.59190757593993
1948,,,,,,,79.58785511727922
1949,,,,,,,79.61180252776458
1950,,,,,,,79.6142720183597
1951,,,,,,,79.62349763328285
1952,,,,,,,79.63630341110719
1953,,,,,,,79.64180335582846
1954,,,,,,,79.66750016892126
1955,,,,,,,79.67201631007539
1956,,,,,,,79.67318408762688
1957,,,,,,,79.65469250563243
1958,,,,,,,79.64927252247318
1959,,,,,,,79.6529124752253
1960,,,,,,,79.66825803691493
1961,,,,,,,79.67354939947559
1962,,,,,,,79.65891507748947
1963,,,,,,,79.69499093341656
1964,,,,,,,79.70184557454472
1965,,,,,,,79.724176628309
1966,,,,,,,79.74043820832006
1967,,,,,,,79.8299747619257
1968,,,,,,,79.8193956779841
1969,,,,,,,79.81174842851473
1970,,,,,,,79.84876764007228
1971,,,,,,,79.83777887301405
1972,,,,,,,79.8208228791436
1973,,,,,,,79.84048321942288
1974,,,,,,,79.86197349968054
1975,,,,,,,79.85655306301062
1976,,,,,,,79.86313631998814
1977,,,,,,,79.8766532704849
1978,,,,,,,79.87255508681417
1979,,,,,,,79.90286640327238
1980,,,,,,,79.93976202225323
1981,,,,,,,79.96652522578107
1982,,,,,,,79.96166074703389
1983,,,,,,,79.96892005632613
1984,,,,,,,79.99759256552565
1985,,,,,,,80.01063604886538
1986,,,,,,,79.99101834961431
1987,,,,,,,80.00490906511914
1988,,,,,,,80.01747152454492
1989,,,,,,,80.02993247175955
1990,,,,,,,80.02438164299038
1991,,,,,,,80.0213331800406
1992,,,,,,,80.0326015071629
1993,,,,,,,80.04811183400062
1994,,,,,,,80.11377768402507
1995,,,,,,,80.09623421444752
1996,,,,,,,80.10061781905242
1997,,,,,,,80.10237998347672
1998,,,,,,,80.12279842349861
1999,,,,,,,80.1190715378143
